country_iso3,gco_country,who_region,income_label,hdi_label,source_population_label,mv_therapy_units,centres,last_update,cases_2024,deaths_2024,all40_2024,all39_2024,population_2024,cases_2025,deaths_2025,all40_2025,all39_2025,population_2025,cases_2030,deaths_2030,all40_2030,all39_2030,population_2030,cases_2040,deaths_2040,all40_2040,all39_2040,population_2040,rt_relevant_cases_2050,deaths_2050,all40_2050,all39_2050,population_2050,release2022_cases_2025,release2022_cases_2050,thirteen_site_cases_2024,thirteen_site_cases_2050,growth,mv_units_per_1000_rt_relevant_cases_2050,baseline_density,primary,support_7,additional_units_to_cross_cutoff,dirac_matched,high_growth_low_resource,current_screen_positive,selected_site_cases_per_mv_unit_2050,unit_pressure_rank,old_growth,new_growth,old_density,new_density,old_selected,new_selected,common,old_percentile,new_percentile,gco2022_common_year_growth_percentile,gco2024_common_year_growth_percentile,gco2024_selected_cases_2050,common_year_burden_version_transition,mv_units_per_1000_selected_site_cases_2050
AFG,Afghanistan,EMRO,Low income,Low HDI,Afghanistan,,,,12929,7280,25780,26268,42647503,13437,7569,26763,27271,43844121,16346,9222,32327,32944,50039410,24308,13819,47364,48280,63347882,35380,20480,68162,69495,76885146,12392.0,31379.0,12072,32926,1.7364838734627583,,,False,0,,0,0,False,,,1.532198192382182,1.6330282057006773,,,False,False,False,,,,,35380,Not comparable,
ALB,Albania,EURO,Upper middle income,High HDI,Albania,4.0,2.0,2025.0,5298,2701,8688,9176,2791774,5354,2738,8784,9282,2771517,5583,2905,9187,9732,2671894,5822,3148,9649,10271,2461874,5956,3302,9880,10544,2240174,5044.0,6422.0,4884,5453,0.1241978104945262,0.6715916722632639,0.7550018875047187,False,0,0.0,1,0,False,1489.0,47.0,0.2731958762886597,0.1124392977213297,0.6228589224540642,0.6715916722632639,False,False,True,24.832214765100677,16.10738255033557,24.832214765100677,16.10738255033557,5956,Not screen-positive in either version,0.6715916722632639
DZA,Algeria,AFRO,Lower middle income,High HDI,Algeria,64.0,23.0,2026.0,41900,20675,71500,72825,46814315,43316,21426,73886,75262,47435321,50688,25426,86414,88081,50154175,66325,34135,113371,115787,54873486,81381,42217,139071,142390,59565563,39777.0,76141.0,38240,73562,0.9422673031026254,0.7864243496639265,1.5274463007159904,False,0,0.0,1,0,False,1271.578125,55.0,0.91419664630314,0.8787745867577801,0.8405458294479978,0.7864243496639265,False,False,True,65.1006711409396,61.74496644295302,65.1006711409396,61.74496644295302,81381,Not screen-positive in either version,0.7864243496639265
AGO,Angola,AFRO,Lower middle income,Medium HDI,Angola,3.0,2.0,2023.0,15545,9342,26493,27511,37885859,16106,9682,27414,28468,39040047,19184,11553,32434,33682,45160468,27049,16352,45073,46824,58965331,37855,22929,61863,64275,74295403,16173.0,38981.0,15108,36804,1.4351881633965906,0.0792497688548408,0.1929880990672242,True,7,15.0,1,1,True,12618.333333333334,9.0,1.41025165399122,1.3503663231094003,0.0769605705343629,0.0792497688548408,True,True,True,87.24832214765101,89.93288590604027,87.24832214765101,89.93288590604027,37855,Retained,0.0792497688548408
AZE,Azerbaijan,EURO,Upper middle income,High HDI,Azerbaijan,10.0,3.0,2023.0,6579,3130,15040,15251,10336588,6779,3233,15481,15699,10397721,7776,3747,17685,17944,10665389,9520,4664,21551,21910,11081343,10785,5320,24372,24792,11224933,10316.0,16712.0,6191,10177,0.6393068855449155,0.9272137227630968,1.5199878400972793,False,0,0.0,1,0,False,1078.5,65.0,0.6200077549437766,0.5909426169051482,0.5983724269985639,0.9272137227630968,False,False,True,46.30872483221477,44.966442953020135,46.30872483221477,44.966442953020135,10785,Not screen-positive in either version,0.9272137227630968
ARG,Argentina,PAHO,Upper middle income,Very High HDI,Argentina,131.0,89.0,2026.0,69370,33416,133448,139470,45696169,70637,34109,135838,141999,45851386,77197,37751,148269,155160,46585029,91629,45931,175361,183806,47817652,106874,55159,203945,214208,48308953,72823.0,112634.0,66042,101667,0.5406371630387776,1.225742463087374,1.8884243909470952,False,0,0.0,1,0,False,815.8320610687023,86.0,0.5466816802383863,0.5130031003581692,1.1630591118134843,1.225742463087374,False,False,True,42.28187919463088,40.939597315436245,42.28187919463088,40.939597315436245,106874,Not screen-positive in either version,1.225742463087374
AUS,Australia,WPRO,High income,Very High HDI,Australia,224.0,103.0,2025.0,80630,25830,160961,224864,26713213,82384,26618,164598,229737,26974034,91025,30897,182863,254072,28188546,106554,39255,216313,298516,30357457,119813,46239,244711,336324,32506979,81655.0,120736.0,75401,112085,0.48596056058539,1.8695800956490527,2.7781222869899542,False,0,0.0,1,0,False,534.8794642857143,117.0,0.4786112301757395,0.454323655078656,1.855287569573284,1.8695800956490527,False,False,True,39.59731543624161,36.91275167785235,39.59731543624161,36.91275167785235,119813,Not screen-positive in either version,1.8695800956490527
AUT,Austria,EURO,High income,Very High HDI,Austria,58.0,17.0,2026.0,24323,11453,46684,46684,9120822,24631,11669,47266,47266,9113584,26163,12705,50227,50227,9080356,28603,14870,55383,55383,8934068,29488,16598,57815,57815,8724340,25715.0,31377.0,23043,27849,0.212350450191177,1.9669017905588717,2.38457427126588,False,0,0.0,1,0,False,508.41379310344826,126.0,0.2201827727007583,0.1971905322561,1.8484877458010645,1.9669017905588717,False,False,True,20.80536912751678,20.80536912751678,20.80536912751678,20.80536912751678,29488,Not screen-positive in either version,1.9669017905588717
BHS,Bahamas,PAHO,High income,Very High HDI,Bahamas,1.0,1.0,2025.0,727,289,1116,1116,401290,743,296,1142,1142,403041,830,330,1272,1272,410275,1021,406,1558,1558,420356,1209,478,1833,1833,424275,687.0,1194.0,691,1152,0.6629986244841817,0.8271298593879239,1.375515818431912,False,0,0.0,1,0,False,1209.0,61.0,0.7379912663755459,0.6271870794078063,0.8375209380234506,0.8271298593879239,False,False,True,53.02013422818792,47.651006711409394,53.02013422818792,47.651006711409394,1209,Not screen-positive in either version,0.8271298593879239
BHR,Bahrain,EMRO,High income,Very High HDI,Bahrain,2.0,1.0,2018.0,1115,432,2090,2103,1607058,1155,447,2160,2174,1643343,1333,522,2470,2485,1765219,1731,699,3127,3146,1951243,2175,894,3870,3895,2139475,832.0,2384.0,1035,2011,0.9506726457399104,0.9195402298850576,1.7937219730941705,False,0,0.0,1,0,False,1087.5,64.0,1.8653846153846156,0.8831168831168832,0.8389261744966443,0.9195402298850576,False,False,True,97.31543624161074,62.41610738255034,97.31543624161074,62.41610738255034,2175,Not screen-positive in either version,0.9195402298850576
BGD,Bangladesh,SEARO,Lower middle income,Medium HDI,Bangladesh,37.0,18.0,2026.0,117747,85565,185910,187263,173562374,121329,88202,191556,192953,175686907,140707,102527,222040,223677,186072416,185039,135955,292325,294543,202589437,233996,173880,371771,374690,214709106,116658.0,219123.0,114044,226530,0.9872778075025266,0.1581223610660011,0.3142330590163656,False,0,74.0,1,0,False,6324.216216216216,25.0,0.8783366764388212,0.9286073403720464,0.1688549353559416,0.1581223610660011,False,False,True,63.08724832214765,63.758389261744966,63.08724832214765,63.758389261744966,233996,Not screen-positive in either version,0.1581223610660011
ARM,Armenia,EURO,Upper middle income,High HDI,Armenia,8.0,2.0,2026.0,5995,2822,10547,10718,2973849,6099,2870,10726,10899,2952373,6678,3139,11719,11904,2851300,7844,3681,13721,13986,2665531,8441,4019,14715,15029,2495217,4771.0,6065.0,5693,7994,0.4080066722268556,0.947755005331122,1.3344453711426187,False,0,0.0,1,0,False,1055.125,67.0,0.2712219660448542,0.3839973766191178,1.3190436933223413,0.947755005331122,False,False,True,24.16107382550336,34.22818791946309,24.16107382550336,34.22818791946309,8441,Not screen-positive in either version,0.947755005331122
BRB,Barbados,PAHO,High income,Very High HDI,Barbados,3.0,1.0,2025.0,653,324,1053,1053,282471,662,330,1071,1071,282632,707,370,1151,1151,282498,754,447,1248,1248,276355,763,491,1267,1267,264224,658.0,787.0,610,713,0.1684532924961714,3.931847968545216,4.594180704441041,False,0,0.0,1,0,False,254.33333333333334,149.0,0.196048632218845,0.1525679758308156,3.811944091486658,3.931847968545216,False,False,True,20.13422818791946,18.12080536912752,20.13422818791946,18.12080536912752,763,Not screen-positive in either version,3.931847968545216
BEL,Belgium,EURO,High income,Very High HDI,Belgium,99.0,36.0,2023.0,42490,15059,71630,80019,11738771,43072,15317,72584,81127,11758612,45862,16756,77276,86724,11824151,50220,19808,85016,96545,11892216,52255,21803,88874,101826,11870914,44471.0,54932.0,40580,49806,0.229818780889621,1.8945555449239304,2.3299599905860204,False,0,0.0,1,0,False,527.8282828282828,122.0,0.2352319489105259,0.2132011515601783,1.8022282094225588,1.8945555449239304,False,False,True,22.14765100671141,22.14765100671141,22.14765100671141,22.14765100671141,52255,Not screen-positive in either version,1.8945555449239304
BTN,Bhutan,SEARO,Lower middle income,Medium HDI,Bhutan,,,,298,217,640,644,791535,306,221,658,662,796688,358,261,761,765,820704,479,361,1022,1029,862137,621,480,1328,1337,882347,304.0,650.0,280,579,1.0838926174496644,,,False,0,,0,0,False,,,1.138157894736842,1.0294117647058822,,,False,False,False,,,,,621,Not comparable,
BOL,Bolivia (Plurinational State of),PAHO,Lower middle income,Medium HDI,Bolivia (Plurinational State of),16.0,11.0,2025.0,6974,3591,16455,16995,12413324,7163,3690,16881,17435,12581851,8203,4239,19250,19882,13405571,10762,5624,25087,25917,14899406,13824,7336,32171,33263,16110170,7804.0,14659.0,6849,13579,0.982219673071408,1.1574074074074074,2.294235732721537,False,0,0.0,1,0,False,864.0,80.0,0.878395694515633,0.9299176322769788,1.0914796370830206,1.1574074074074074,False,False,True,63.758389261744966,64.42953020134227,63.758389261744966,64.42953020134227,13824,Not screen-positive in either version,1.1574074074074074
BIH,Bosnia Herzegovina,EURO,Upper middle income,High HDI,Bosnia Herzegovina,20.0,6.0,2026.0,8410,4884,14517,15108,3164263,8472,4936,14620,15217,3140103,8729,5186,15053,15685,3013984,8929,5488,15397,16126,2745019,8644,5454,14917,15673,2455176,7976.0,8692.0,7255,7438,0.0278240190249703,2.3137436372049978,2.378121284185493,False,0,0.0,1,0,False,432.2,140.0,0.0897693079237713,0.0203021718602454,2.300966405890474,2.3137436372049978,False,False,True,7.38255033557047,7.38255033557047,7.38255033557047,7.38255033557047,8644,Not screen-positive in either version,2.3137436372049978
BWA,Botswana,AFRO,Upper middle income,High HDI,Botswana,3.0,3.0,2026.0,1695,968,2793,2900,2521150,1753,1002,2889,3000,2562129,2083,1192,3419,3550,2765926,2919,1674,4736,4921,3126650,3992,2320,6389,6643,3437439,1436.0,3027.0,1658,3902,1.3551622418879057,0.751503006012024,1.7699115044247788,False,0,0.0,1,0,False,1330.6666666666667,51.0,1.1079387186629526,1.2772390188248717,0.9910802775024776,0.751503006012024,False,False,True,73.8255033557047,81.87919463087249,73.8255033557047,81.87919463087249,3992,Not screen-positive in either version,0.751503006012024
BRA,Brazil,PAHO,Upper middle income,High HDI,Brazil,370.0,221.0,2026.0,355826,147878,591293,640575,211998582,366459,152901,608544,659982,212812414,420284,178908,696191,759278,216074423,528109,234115,873155,963905,219237093,621883,285251,1027392,1145725,217489306,386297.0,666371.0,329595,575249,0.7477165805758994,0.5949672205221883,1.039834076205786,False,0,0.0,1,0,False,1680.7648648648649,42.0,0.7250224568143164,0.6970056677554652,0.5552462517126345,0.5949672205221883,False,False,True,51.67785234899329,51.67785234899329,51.67785234899329,51.67785234899329,621883,Not screen-positive in either version,0.5949672205221883
BLZ,Belize,PAHO,Lower middle income,High HDI,Belize,,,,255,111,415,415,417080,265,115,432,432,422932,323,142,523,523,449850,466,211,751,751,491605,639,298,1031,1031,516636,245.0,562.0,255,639,1.5058823529411764,,,False,0,,0,0,False,,,1.293877551020408,1.4113207547169813,,,False,False,False,,,,,639,Not comparable,
SLB,Solomon Islands,WPRO,Lower middle income,Medium HDI,Solomon Islands,,,,469,204,871,871,819207,487,211,903,903,838654,590,253,1082,1082,938357,838,366,1509,1509,1135464,1116,505,1977,1977,1309117,426.0,891.0,430,1021,1.3795309168443497,,,False,0,,0,0,False,,,1.091549295774648,1.2915811088295688,,,False,False,False,,,,,1116,Not comparable,
BRN,Brunei Darussalam,WPRO,High income,Very High HDI,Brunei Darussalam,2.0,1.0,2025.0,462,235,837,849,462732,480,244,868,880,466340,569,297,1032,1047,482458,754,409,1383,1406,505984,932,518,1716,1748,519559,563.0,1104.0,399,799,1.0173160173160172,2.145922746781116,4.329004329004329,False,0,0.0,1,0,False,466.0,133.0,0.9609236234458258,0.9416666666666668,1.8115942028985508,2.145922746781116,False,False,True,67.78523489932886,65.77181208053692,67.78523489932886,65.77181208053692,932,Not screen-positive in either version,2.145922746781116
BGR,Bulgaria,EURO,Upper middle income,High HDI,Bulgaria,48.0,25.0,2025.0,18375,10218,30664,31876,6757697,18398,10257,30709,31932,6714570,18390,10423,30733,32007,6458252,18146,10581,30353,31688,5907739,17498,10543,29333,30710,5402224,18186.0,17537.0,16651,15777,-0.0477278911564625,2.7431706480740656,2.6122448979591835,False,0,0.0,1,0,False,364.5416666666667,145.0,-0.0356867920378313,-0.0489183606913794,2.7370701944460283,2.7431706480740656,False,False,True,2.684563758389262,3.355704697986577,2.684563758389262,3.355704697986577,17498,Not screen-positive in either version,2.7431706480740656
MMR,Myanmar,SEARO,Lower middle income,Medium HDI,Myanmar,23.0,9.0,2025.0,41367,28455,73898,74903,54500100,42399,29206,75628,76658,54850658,47549,33002,84237,85402,56351040,57220,40286,100268,101708,58169869,65234,46461,113367,115044,58623239,44932.0,67929.0,39466,62219,0.5769574781830928,0.3525768770886348,0.5559987429593637,False,0,8.0,1,0,False,2836.2608695652175,34.0,0.5118178580966795,0.53857402297224,0.3385888206804163,0.3525768770886348,False,False,True,40.939597315436245,42.28187919463088,40.939597315436245,42.28187919463088,65234,Not screen-positive in either version,0.3525768770886348
BDI,Burundi,AFRO,Low income,Low HDI,Burundi,,,,4509,2796,7888,7992,14047794,4675,2902,8169,8277,14390010,5639,3531,9806,9936,16182029,8356,5287,14279,14466,20131330,12082,7662,20278,20532,24131728,5062.0,13684.0,4308,11541,1.679529829230428,,,False,0,,0,0,False,,,1.703279336230739,1.584385026737968,,,False,False,False,,,,,12082,Not comparable,
BLR,Belarus,EURO,Upper middle income,Very High HDI,Belarus,35.0,13.0,2024.0,25661,11584,45087,46420,9056702,25905,11712,45498,46852,8997612,26923,12316,47275,48752,8687641,27906,13262,49091,50856,8064474,28264,13704,49517,51408,7453553,27244.0,30027.0,23264,25445,0.101437979813725,1.238324370223606,1.363937492693192,False,0,0.0,1,0,False,807.5428571428571,88.0,0.1021509323153722,0.0910635012545839,1.1656176108169314,1.238324370223606,False,False,True,8.053691275167784,13.422818791946307,8.053691275167784,13.422818791946307,28264,Not screen-positive in either version,1.238324370223606
KHM,Cambodia,WPRO,Lower middle income,Medium HDI,Cambodia,3.0,3.0,2024.0,10528,6759,21775,22111,17638811,10832,6963,22398,22745,17847989,12426,8034,25654,26058,18827398,15890,10423,32720,33256,20540693,19377,12828,40008,40689,21931464,11025.0,20345.0,9559,17439,0.8405205167173253,0.1548227279764669,0.2849544072948328,False,0,7.0,1,0,False,6459.0,24.0,0.8453514739229024,0.7888663220088625,0.1474563774883263,0.1548227279764669,False,False,True,59.06040268456376,58.38926174496645,59.06040268456376,58.38926174496645,19377,Not screen-positive in either version,0.1548227279764669
CMR,Cameroon,AFRO,Lower middle income,Medium HDI,Cameroon,2.0,2.0,2023.0,8960,5274,15675,16087,29123753,9297,5473,16244,16670,29879344,11221,6627,19470,19977,33777197,16382,9768,27975,28712,42208014,23352,14039,39214,40291,51096329,12235.0,29826.0,8784,22906,1.6062500000000002,0.0856457690990065,0.2232142857142857,True,7,9.0,1,1,True,11676.0,11.0,1.4377605230894974,1.5117779929009356,0.0670555890833501,0.0856457690990065,True,True,True,89.26174496644296,95.3020134228188,89.26174496644296,95.3020134228188,23352,Retained,0.0856457690990065
CAN,Canada,PAHO,High income,Very High HDI,Canada,296.0,52.0,2026.0,135781,49064,241978,301741,39742438,138792,50449,247368,308997,40126735,152867,57816,273189,344837,41655600,175005,71736,315654,406034,43951427,190231,80883,344259,446167,45621892,143118.0,199599.0,127868,179388,0.4010133965724218,1.55600296481646,2.179980998814267,False,0,0.0,1,0,False,642.6722972972973,104.0,0.394646375717939,0.3706193440544123,1.4829733615899878,1.55600296481646,False,False,True,32.88590604026846,33.557046979865774,32.88590604026846,33.557046979865774,190231,Not screen-positive in either version,1.55600296481646
CPV,Cape Verde,AFRO,Lower middle income,Medium HDI,Cape Verde,,,,293,201,445,448,524886,302,207,460,463,527334,357,244,542,546,538625,488,338,726,732,557384,649,452,965,975,566144,318.0,773.0,281,622,1.2150170648464165,,,False,0,,0,0,False,,,1.4308176100628929,1.1490066225165565,,,False,False,False,,,,,649,Not comparable,
CAF,Central African Republic,AFRO,Low income,Low HDI,Central African Republic,,,,1448,845,2610,2635,5330700,1491,867,2687,2712,5513293,1727,998,3094,3123,6478255,2340,1332,4177,4217,8526465,3396,1934,6085,6147,10616762,1546.0,3484.0,1380,3246,1.3453038674033149,,,False,0,,0,0,False,,,1.2535575679172055,1.277665995975855,,,False,False,False,,,,,3396,Not comparable,
LKA,Sri Lanka,SEARO,Lower middle income,High HDI,Sri Lanka,29.0,9.0,2026.0,24095,14320,43103,43428,23103575,24638,14647,44033,44365,23229479,27220,16201,48455,48824,23767961,31717,18928,56245,56687,24526709,35634,21286,63002,63512,24813699,19562.0,27880.0,22311,32834,0.4788960365221,0.8138294886905764,1.2035692052293008,False,0,0.0,1,0,False,1228.7586206896551,60.0,0.4252121459973417,0.4463024596152285,1.0401721664275467,0.8138294886905764,False,False,True,36.91275167785235,36.24161073825504,36.91275167785235,36.24161073825504,35634,Not screen-positive in either version,0.8138294886905764
TCD,Chad,AFRO,Low income,Low HDI,Chad,,,,10895,6111,18486,18655,20299132,11365,6376,19268,19443,21003714,13650,7666,23065,23272,24207487,19870,11190,33247,33542,31307351,28126,15992,46618,47032,38857697,6005.0,14752.0,10692,27603,1.581551170261588,,,False,0,,0,0,False,,,1.4566194837635305,1.474791025076991,,,False,False,False,,,,,28126,Not comparable,
CHL,Chile,PAHO,High income,Very High HDI,Chile,45.0,24.0,2025.0,27483,13186,57974,59887,19764781,28388,13621,59777,61757,19859932,33383,16000,69590,71974,20233191,44996,21387,91651,95133,20542112,56343,26600,112714,117323,20320318,31355.0,54956.0,24818,51297,1.0501037004693812,0.798679516532666,1.6373758323327148,False,0,0.0,1,0,False,1252.0666666666666,56.0,0.7527029181948652,0.9847470762293926,0.8188368876919717,0.798679516532666,False,False,True,54.36241610738255,67.11409395973155,54.36241610738255,67.11409395973155,56343,Not screen-positive in either version,0.798679516532666
CHN,China,WPRO,Upper middle income,High HDI,China,2932.0,1625.0,2026.0,2724592,1404088,5096895,5150572,1405058871,2765677,1401702,5184821,5238839,1447326978,3113779,1645145,5761613,5824728,1428723164,3700386,2140711,6735315,6818213,1371597260,4033547,2523432,7262971,7361796,1286483182,2728987.0,4000184.0,2465982,3631817,0.4804223898477275,0.7269036408897678,1.0761244252350444,False,0,0.0,1,0,False,1375.6981582537517,50.0,0.4658127722851006,0.4584302505317865,0.7329662835509566,0.7269036408897678,False,False,True,37.58389261744966,37.58389261744966,37.58389261744966,37.58389261744966,4033547,Not screen-positive in either version,0.7269036408897678
COL,Colombia,PAHO,Upper middle income,High HDI,Colombia,98.0,59.0,2026.0,60174,23950,119772,123053,52886374,62562,25003,124157,127591,53425644,75643,30820,147629,151913,55736483,106082,44517,199599,205897,58576454,139961,58796,253443,261783,59385368,62443.0,114399.0,56862,133374,1.3259381128061951,0.7001950543365651,1.628610363279822,False,0,0.0,1,0,False,1428.1734693877552,48.0,0.8320548340086158,1.2371567405134107,0.8566508448500424,0.7001950543365651,False,False,True,57.71812080536913,79.86577181208054,57.71812080536913,79.86577181208054,139961,Not screen-positive in either version,0.7001950543365651
COM,Comoros,AFRO,Lower middle income,Medium HDI,Comoros,,,,329,214,565,576,866638,336,219,578,589,882854,383,250,652,665,964270,501,329,843,859,1133787,647,428,1073,1092,1307567,468.0,970.0,325,638,0.9665653495440728,,,False,0,,0,0,False,,,1.0726495726495728,0.925595238095238,,,False,False,False,,,,,647,Not comparable,
COG,"Congo, Republic of",AFRO,Lower middle income,Medium HDI,"Congo, Republic of",,,,2185,1300,3546,3575,6332969,2274,1354,3683,3713,6484446,2751,1649,4425,4460,7282275,3867,2334,6149,6195,9083978,5197,3141,8196,8255,11006481,1833.0,4197.0,2035,4844,1.3784897025171623,,,False,0,,0,0,False,,,1.2896890343698852,1.2854001759014952,,,False,False,False,,,,,5197,Not comparable,
COD,"Congo, Democratic Republic of",AFRO,Low income,Low HDI,"Congo, Democratic Republic of",1.0,1.0,2021.0,40047,24436,68866,69739,109276272,41375,25241,71139,72041,112832484,48711,29665,83627,84691,131532209,67825,41209,115880,117363,172595588,95724,58221,162326,164393,218246079,33697.0,80171.0,38447,91916,1.3902914075960746,0.0104467009318457,0.0249706594751167,True,7,45.0,1,1,True,95724.0,1.0,1.3791732201679676,1.3135709969788518,0.012473338239513,0.0104467009318457,True,True,True,83.89261744966443,85.90604026845638,83.89261744966443,85.90604026845638,95724,Retained,0.0104467009318457
CRI,Costa Rica,PAHO,Upper middle income,Very High HDI,Costa Rica,12.0,5.0,2026.0,5778,2331,11983,13604,5129921,5952,2419,12336,14022,5152959,6841,2891,14136,16179,5251506,8569,3989,17731,20601,5369813,10129,5125,20952,24636,5354161,5969.0,10981.0,5361,9355,0.7530287296642437,1.1847171487807286,2.0768431983385254,False,0,0.0,1,0,False,844.0833333333334,83.0,0.839671636790082,0.7017809139784945,1.0927966487569438,1.1847171487807286,False,False,True,58.38926174496645,52.348993288590606,58.38926174496645,52.348993288590606,10129,Not screen-positive in either version,1.1847171487807286
HRV,Croatia,EURO,High income,Very High HDI,Croatia,36.0,10.0,2026.0,14749,6995,26695,26955,3875335,14789,7034,26762,27024,3848170,15020,7303,27220,27491,3725779,15171,7796,27681,27969,3488316,14752,7866,27043,27336,3234168,15696.0,16230.0,13232,13187,0.0002034036205844,2.4403470715835143,2.4408434470133566,False,0,0.0,1,0,False,409.77777777777777,143.0,0.0340214067278288,-0.0025018594901615,2.2181146025878005,2.4403470715835143,False,False,True,6.04026845637584,5.369127516778524,6.04026845637584,5.369127516778524,14752,Not screen-positive in either version,2.4403470715835143
CUB,Cuba,PAHO,Upper middle income,High HDI,Cuba,20.0,9.0,2026.0,30443,17675,47217,49702,10979790,31005,18045,48064,50598,10937214,33917,19990,52488,55291,10700834,38945,23604,60449,64003,10125846,41348,26286,64807,69381,9382008,31120.0,39471.0,29606,40187,0.3582104260421115,0.4836993324949211,0.6569654764642118,False,0,0.0,1,0,False,2067.4,40.0,0.2683483290488431,0.3335913562328656,0.506701122342986,0.4836993324949211,False,False,True,23.48993288590604,30.87248322147651,23.48993288590604,30.87248322147651,41348,Not screen-positive in either version,0.4836993324949211
CYP,Cyprus,EURO,High income,Very High HDI,Cyprus,10.0,2.0,2025.0,3330,1312,6015,6015,1358293,3407,1349,6153,6153,1370763,3831,1550,6866,6866,1422327,4729,2041,8375,8375,1484855,5649,2586,9866,9866,1508489,3666.0,5993.0,3168,5356,0.6963963963963964,1.770224818551956,3.003003003003003,False,0,0.0,1,0,False,564.9,113.0,0.6347517730496455,0.6580569415908424,1.668613382279326,1.770224818551956,False,False,True,46.97986577181208,49.66442953020135,46.97986577181208,49.66442953020135,5649,Not screen-positive in either version,1.770224818551956
CZE,Czechia,EURO,High income,Very High HDI,Czechia,67.0,36.0,2021.0,33621,14124,60831,65308,10735868,33878,14341,61323,65907,10609247,35393,15516,64304,69477,10425098,37867,17256,68912,74854,10107233,38820,18692,71172,77830,9825552,33775.0,38767.0,30896,35529,0.1546354956723477,1.7259144770736734,1.9928021177240416,False,0,0.0,1,0,False,579.4029850746268,110.0,0.14780162842339,0.1458763799515909,1.7282740475146388,1.7259144770736734,False,False,True,13.422818791946307,17.449664429530202,13.422818791946307,17.449664429530202,38820,Not screen-positive in either version,1.7259144770736734
BEN,Benin,AFRO,Lower middle income,Low HDI,Benin,,,,5912,3480,9096,9193,14462734,6118,3603,9409,9509,14814470,7267,4284,11129,11246,16618832,10167,6024,15447,15608,20445769,14056,8369,21160,21377,24433817,4564.0,10632.0,5615,13360,1.3775372124492558,,,False,0,,0,0,False,,,1.329535495179667,1.2974828375286045,,,False,False,False,,,,,14056,Not comparable,
DNK,Denmark,EURO,High income,Very High HDI,Denmark,55.0,8.0,2020.0,23130,9120,41305,46512,5977420,23437,9337,41869,47210,6002517,24750,10366,44309,50277,6082003,26422,11684,47454,54291,6134669,27317,12766,49273,56823,6124847,24806.0,29599.0,21855,25777,0.1810203199308258,2.0133982501738843,2.3778642455685257,False,0,0.0,1,0,False,496.6727272727273,127.0,0.1932193824074821,0.1655501984042326,1.858170884151492,2.0133982501738843,False,False,True,19.463087248322147,20.13422818791946,19.463087248322147,20.13422818791946,27317,Not screen-positive in either version,2.0133982501738843
DOM,Dominican Republic,PAHO,Upper middle income,High HDI,Dominican Republic,21.0,12.0,2025.0,12537,6505,20540,21060,11427566,12991,6741,21240,21775,11520497,15464,7999,25003,25626,11938862,20948,10776,33234,34070,12579330,26241,13477,41137,42179,12996300,13613.0,23887.0,12353,25903,1.093084469968892,0.8002743797873557,1.6750418760469012,False,0,0.0,1,0,False,1249.5714285714287,57.0,0.7547197531771102,1.0199368793780308,0.8791392807803408,0.8002743797873557,False,False,True,55.70469798657718,70.46979865771812,55.70469798657718,70.46979865771812,26241,Not screen-positive in either version,0.8002743797873557
ECU,Ecuador,PAHO,Upper middle income,High HDI,Ecuador,38.0,12.0,2025.0,13503,5965,29876,31204,18135485,13958,6182,30863,32244,18289905,16450,7410,36289,37969,19069730,22358,10473,49254,51709,20434229,29282,14286,64596,68069,21337247,14989.0,30625.0,12856,27843,1.168555135895727,1.2977255651936344,2.8141894393838407,False,0,0.0,1,0,False,770.578947368421,91.0,1.0431649876576157,1.0978650236423555,1.2408163265306122,1.2977255651936344,False,False,True,72.48322147651007,74.49664429530202,72.48322147651007,74.49664429530202,29282,Not screen-positive in either version,1.2977255651936344
SLV,El Salvador,PAHO,Lower middle income,Medium HDI,El Salvador,14.0,5.0,2026.0,4611,1994,9286,9539,6338202,4714,2040,9487,9745,6365512,5257,2283,10556,10848,6486215,6539,2867,13110,13479,6640759,8173,3610,16301,16765,6663353,4770.0,7721.0,4485,7957,0.7725005421817392,1.712957298421632,3.0362177401865105,False,0,0.0,1,0,False,583.7857142857143,108.0,0.6186582809224319,0.733771743742045,1.813236627379873,1.712957298421632,False,False,True,45.63758389261745,55.70469798657718,45.63758389261745,55.70469798657718,8173,Not screen-positive in either version,1.712957298421632
GNQ,Equatorial Guinea,AFRO,Upper middle income,Medium HDI,Equatorial Guinea,,,,625,374,1180,1191,1892528,647,386,1219,1230,1938440,758,458,1422,1435,2170451,1039,633,1907,1924,2665593,1352,825,2444,2467,3143737,782.0,1799.0,599,1298,1.1631999999999998,,,False,0,,0,0,False,,,1.3005115089514063,1.089644513137558,,,False,False,False,,,,,1352,Not comparable,
ETH,Ethiopia,AFRO,Low income,Low HDI,Ethiopia,3.0,2.0,2022.0,44621,25689,76635,79239,132059776,46251,26640,79347,82044,135472061,55208,31866,94105,97302,152855370,77699,45151,130706,135193,188450909,107644,63402,179229,185437,225021884,44743.0,106660.0,41349,99613,1.4124067143273344,0.0278696443833376,0.0672329172362788,True,7,48.0,1,1,True,35881.333333333336,2.0,1.3838365777887045,1.3273875159456012,0.0281267579223701,0.0278696443833376,True,True,True,84.56375838926175,86.57718120805369,84.56375838926175,86.57718120805369,107644,Retained,0.0278696443833376
ERI,Eritrea,AFRO,Low income,Low HDI,Eritrea,,,,1449,863,2633,2689,3535611,1489,888,2704,2762,3607011,1718,1022,3108,3174,4002683,2316,1372,4147,4234,4868688,3113,1856,5562,5681,5696072,1344.0,2820.0,1374,2953,1.1483781918564526,,,False,0,,0,0,False,,,1.0982142857142856,1.0906648757555408,,,False,False,False,,,,,3113,Not comparable,
EST,Estonia,EURO,High income,Very High HDI,Estonia,10.0,2.0,2026.0,4524,2016,8128,8363,1360557,4554,2036,8180,8417,1344241,4733,2154,8491,8744,1302781,5068,2442,9114,9405,1236796,5269,2656,9486,9804,1174276,4458.0,5123.0,4130,4790,0.1646772767462423,1.8978933383943823,2.210433244916004,False,0,0.0,1,0,False,526.9,123.0,0.149170031404217,0.1570048309178744,1.9519812609798943,1.8978933383943823,False,False,True,14.093959731543624,18.79194630872483,14.093959731543624,18.79194630872483,5269,Not screen-positive in either version,1.8978933383943823
FJI,Fiji,WPRO,Upper middle income,High HDI,Fiji,,,,1022,492,1731,1731,928791,1036,500,1756,1756,933164,1117,546,1885,1885,953116,1290,639,2167,2167,983866,1477,744,2451,2451,1000272,974.0,1436.0,955,1376,0.4452054794520548,,,False,0,,0,0,False,,,0.4743326488706365,0.4256756756756756,,,False,False,False,,,,,1477,Not comparable,
FIN,Finland,EURO,High income,Very High HDI,Finland,50.0,13.0,2020.0,19174,6348,33930,36289,5617317,19384,6457,34333,36753,5623339,20291,7005,36112,38861,5592058,21207,7698,37952,41148,5480532,21528,7917,38495,41803,5351655,20506.0,23287.0,17664,19824,0.1227704182747471,2.3225566703827574,2.6076979242724523,False,0,0.0,1,0,False,430.56,141.0,0.1356188432653857,0.1106066859265373,2.14712071112638,2.3225566703827574,False,False,True,12.751677852348994,15.436241610738255,12.751677852348994,15.436241610738255,21528,Not screen-positive in either version,2.3225566703827574
FRA,France (metropolitan),EURO,High income,Very High HDI,France (metropolitan),570.0,168.0,2023.0,241783,90070,418158,421655,66548537,244665,91520,423446,427001,66650813,257711,99623,448667,452549,67107697,273621,114412,483820,488320,67938912,276704,120422,493973,498739,68219684,258193.0,298474.0,223353,254323,0.1444311634813035,2.0599629929455303,2.357485844745081,False,0,0.0,1,0,False,485.4456140350877,131.0,0.1560112009233403,0.130950483313919,1.90971407894825,2.0599629929455303,False,False,True,16.10738255033557,16.778523489932887,16.10738255033557,16.778523489932887,276704,Not screen-positive in either version,2.0599629929455303
GUF,French Guyana,PAHO,,,French Guyana,,,,326,116,568,568,308535,334,119,586,586,313675,390,140,684,684,341740,548,199,958,958,406176,743,264,1276,1276,471925,369.0,821.0,314,721,1.2791411042944785,,,False,0,,0,0,False,,,1.2249322493224932,1.2245508982035926,,,False,False,False,,,,,743,Not comparable,
PYF,French Polynesia,WPRO,High income,,French Polynesia,,,,672,288,983,983,281816,697,300,1018,1018,282472,831,371,1201,1201,285556,1075,526,1536,1536,289179,1250,672,1762,1762,284757,672.0,1250.0,649,1197,0.8601190476190477,,,False,0,,0,0,False,,,0.8601190476190477,0.793400286944046,,,False,False,False,,,,,1250,Not comparable,
DJI,Djibouti,EMRO,Lower middle income,Low HDI,Djibouti,,,,589,346,1051,1072,1168731,606,357,1082,1104,1184085,700,416,1250,1274,1262684,902,548,1608,1640,1406643,1102,680,1955,1993,1530550,490.0,921.0,556,1042,0.8709677419354838,,,False,0,,0,0,False,,,0.879591836734694,0.8184818481848184,,,False,False,False,,,,,1102,Not comparable,
GAB,Gabon,AFRO,Upper middle income,Medium HDI,Gabon,2.0,1.0,2018.0,840,496,1562,1573,2538960,867,514,1611,1623,2593139,1022,609,1883,1895,2866675,1406,850,2545,2562,3452995,1844,1121,3293,3316,4084541,1208.0,2570.0,805,1770,1.1952380952380954,1.084598698481562,2.380952380952381,False,0,0.0,1,0,False,922.0,75.0,1.1274834437086092,1.126874279123414,0.7782101167315175,1.084598698481562,False,False,True,75.16778523489933,76.51006711409396,75.16778523489933,76.51006711409396,1844,Not screen-positive in either version,1.084598698481562
GEO,Georgia,EURO,Upper middle income,Very High HDI,Georgia,20.0,9.0,2026.0,8578,3817,15261,16063,3807677,8654,3853,15390,16197,3806678,9081,4042,16102,16943,3790550,9962,4426,17602,18655,3732867,10630,4748,18705,19888,3664024,6626.0,7365.0,7981,9868,0.2392166006062019,1.881467544684854,2.331545814875262,False,0,0.0,1,0,False,531.5,118.0,0.111530335043767,0.2283337185116709,2.7155465037338766,1.881467544684854,False,False,True,9.395973154362416,23.48993288590604,9.395973154362416,23.48993288590604,10630,Not screen-positive in either version,1.881467544684854
GMB,The Republic of the Gambia,AFRO,Low income,Low HDI,The Republic of the Gambia,,,,978,602,1915,1921,2759997,1015,624,1984,1991,2822102,1211,747,2361,2369,3130142,1694,1046,3284,3294,3732807,2335,1460,4513,4526,4301904,746.0,1761.0,940,2242,1.387525562372188,,,False,0,,0,0,False,,,1.3605898123324396,1.3004926108374386,,,False,False,False,,,,,2335,Not comparable,
PSE,Gaza Strip and West Bank,EMRO,Lower middle income,High HDI,Gaza Strip and West Bank,,,,3903,1807,7414,7437,5495449,3995,1846,7586,7610,5589632,4852,2248,9142,9170,6122325,7178,3372,13322,13362,7291836,10356,4949,18950,19006,8451899,2769.0,7295.0,3661,9705,1.6533435818601077,,,False,0,,0,0,False,,,1.6345250993138318,1.5922403003754693,,,False,False,False,,,,,10356,Not comparable,
DEU,Germany,EURO,High income,Very High HDI,Germany,723.0,368.0,2026.0,290328,128836,528069,566587,84552251,292370,130135,531608,570568,84075082,303273,135704,550082,591146,82780965,317649,148659,581488,629335,80551744,313987,157166,583517,635919,78294623,307941.0,355936.0,268177,289124,0.0814905899534319,2.302643103058407,2.4902868479788376,False,0,0.0,1,0,False,434.283540802213,139.0,0.1558577779509711,0.0739371344529191,2.031264047469208,2.302643103058407,False,False,True,15.436241610738255,11.409395973154362,15.436241610738255,11.409395973154362,313987,Not screen-positive in either version,2.302643103058407
GHA,Ghana,AFRO,Lower middle income,Medium HDI,Ghana,6.0,3.0,2026.0,15728,9284,26964,27260,34427422,16290,9624,27886,28192,35064281,19357,11509,32881,33240,38222099,26787,16135,44730,45215,44568359,35386,21499,58250,58876,50553055,16354.0,34899.0,15246,34299,1.2498728382502544,0.1695585824902503,0.3814852492370295,True,6,11.0,1,1,True,5897.666666666667,26.0,1.1339733398556926,1.172252915899325,0.1719246969827215,0.1695585824902503,True,True,True,75.83892617449665,77.18120805369128,75.83892617449665,77.18120805369128,35386,Retained,0.1695585824902503
GRC,Greece,EURO,High income,Very High HDI,Greece,58.0,30.0,2023.0,36304,16028,62234,63549,10047827,36428,16130,62435,63750,9938852,37484,16798,64195,65535,9721991,39451,18527,67848,69322,9275624,39515,19760,68806,70452,8812077,37678.0,42305.0,35387,38473,0.0884475539885412,1.4677970390990762,1.5976200969590129,False,0,0.0,1,0,False,681.2931034482758,99.0,0.1228037581612613,0.0847425057647963,1.370996336130481,1.4677970390990762,False,False,True,10.738255033557047,12.751677852348994,10.738255033557047,12.751677852348994,39515,Not screen-positive in either version,1.4677970390990762
GLP,"France, Guadeloupe",PAHO,,,"France, Guadeloupe",3.0,1.0,2023.0,1226,414,1872,1876,375115,1239,418,1896,1900,373802,1281,434,1980,1984,366352,1210,415,1931,1936,348997,1022,359,1681,1685,326330,1291.0,1205.0,1170,975,-0.166394779771615,2.935420743639922,2.446982055464926,False,0,0.0,1,0,False,340.6666666666667,148.0,-0.0666150271107668,-0.1751412429378531,2.489626556016597,2.935420743639922,False,False,True,0.6711409395973155,1.342281879194631,0.6711409395973155,1.342281879194631,1022,Not screen-positive in either version,2.935420743639922
GUM,Guam,WPRO,High income,,Guam,,,,271,142,451,451,167785,278,147,463,463,169005,312,174,520,520,174643,356,220,601,601,183628,375,247,645,645,191469,299.0,451.0,253,355,0.3837638376383763,,,False,0,,0,0,False,,,0.508361204013378,0.3489208633093525,,,False,False,False,,,,,375,Not comparable,
GTM,Guatemala,PAHO,Upper middle income,Medium HDI,Guatemala,8.0,5.0,2026.0,9396,3995,20078,20882,18406366,9770,4150,20821,21655,18687892,11836,5015,24918,25920,20067263,16768,7178,34808,36190,22626878,23133,9973,47727,49536,24670864,8343.0,19394.0,9266,22823,1.4620051085568329,0.3458263087364371,0.8514261387824607,True,4,3.0,1,1,True,2891.625,32.0,1.3245834831595351,1.367758444216991,0.4124987109415283,0.3458263087364371,True,True,True,81.87919463087249,90.6040268456376,81.87919463087249,90.6040268456376,23133,Retained,0.3458263087364371
GIN,Guinea,AFRO,Low income,Low HDI,Guinea,,,,5636,3238,11459,11592,14754794,5806,3333,11797,11933,15099734,6727,3847,13626,13783,16807158,9060,5211,18177,18388,20160761,12400,7225,24420,24697,23404591,5700.0,12563.0,5468,12022,1.2001419446415895,,,False,0,,0,0,False,,,1.2040350877192982,1.1357216672407855,,,False,False,False,,,,,12400,Not comparable,
GUY,Guyana,PAHO,Upper middle income,High HDI,Guyana,1.0,1.0,2024.0,868,398,1350,1350,831097,892,409,1385,1385,835995,1020,471,1564,1564,861049,1285,592,1933,1933,907517,1525,706,2272,2272,940618,717.0,1143.0,843,1486,0.7569124423963134,0.6557377049180327,1.152073732718894,False,0,0.0,1,0,False,1525.0,45.0,0.594142259414226,0.7096412556053813,0.8748906386701663,0.6557377049180327,False,False,True,44.966442953020135,54.36241610738255,44.966442953020135,54.36241610738255,1525,Not screen-positive in either version,0.6557377049180327
HTI,Haiti,PAHO,Lower middle income,Medium HDI,Haiti,,,,7246,4171,14523,14703,11772564,7459,4294,14923,15108,11906105,8587,4961,17051,17265,12552367,11294,6598,22134,22410,13733862,14766,8740,28486,28823,14710871,6173.0,12310.0,7060,14386,1.0378139663262491,,,False,0,,0,0,False,,,0.9941681516280576,0.979621933235018,,,False,False,False,,,,,14766,Not comparable,
HND,Honduras,PAHO,Lower middle income,Medium HDI,Honduras,10.0,5.0,2024.0,4883,3034,10615,10722,10825713,5070,3152,10990,11101,11005858,6089,3799,13025,13163,11885328,8611,5439,17990,18200,13484663,11838,7584,24187,24497,14846787,5170.0,11926.0,4704,11397,1.424329305754659,0.8447372867038351,2.047921359819783,False,0,0.0,1,0,False,1183.8,62.0,1.306769825918762,1.33491124260355,0.8385041086701325,0.8447372867038351,False,False,True,81.20805369127517,87.91946308724832,81.20805369127517,87.91946308724832,11838,Not screen-positive in either version,0.8447372867038351
HUN,Hungary,EURO,High income,Very High HDI,Hungary,54.0,14.0,2026.0,37381,18061,60335,66090,9676141,37552,18219,60641,66425,9632295,38378,18952,62077,67999,9449124,39872,20262,64461,70789,9067624,40067,20906,64961,71364,8725357,38966.0,43299.0,34017,36384,0.0718546855354325,1.3477425312601392,1.4445841470265643,False,0,0.0,1,0,False,741.9814814814815,95.0,0.1111995072627418,0.0669737963357477,1.247141966327167,1.3477425312601392,False,False,True,8.724832214765101,10.06711409395973,8.724832214765101,10.06711409395973,40067,Not screen-positive in either version,1.3477425312601392
ISL,Iceland,EURO,High income,Very High HDI,Iceland,2.0,1.0,2018.0,1098,372,1850,2025,393403,1126,382,1897,2078,398275,1261,441,2127,2340,414357,1499,573,2548,2832,429461,1721,685,2922,3264,433005,1034.0,1550.0,1050,1648,0.5673952641165756,1.1621150493898895,1.8214936247723128,False,0,0.0,1,0,False,860.5,81.0,0.4990328820116054,0.5284191829484903,1.2903225806451613,1.1621150493898895,False,False,True,40.26845637583892,41.61073825503356,40.26845637583892,41.61073825503356,1721,Not screen-positive in either version,1.1621150493898895
IND,India,SEARO,Lower middle income,Medium HDI,India,791.0,464.0,2026.0,960013,518504,1548902,1562581,1450935801,987743,534171,1592278,1606357,1463865535,1132386,616344,1818389,1834573,1525138853,1443350,796269,2304788,2325675,1622580048,1759284,984756,2801383,2827251,1679589270,926908.0,1637244.0,920812,1685904,0.8325626840469869,0.4496147296286444,0.8239471757153288,False,0,38.0,1,0,False,2224.126422250316,36.0,0.7663500584739802,0.7811151281254334,0.483128965505447,0.4496147296286444,False,False,True,56.375838926174495,57.71812080536913,56.375838926174495,57.71812080536913,1759284,Not screen-positive in either version,0.4496147296286444
IDN,Indonesia,SEARO,Lower middle income,High HDI,Indonesia,87.0,55.0,2026.0,269570,152785,466849,474083,283487939,276762,157218,479181,486620,285721243,313808,180241,542972,551559,295876658,388119,226729,671902,683160,311797404,451975,266955,783581,797356,320712958,239613.0,374433.0,252217,420646,0.6766517045665319,0.1924885225952763,0.3227362095188634,False,0,126.0,1,0,False,5195.114942528736,27.0,0.5626572848718558,0.6330818537226932,0.2323513151885651,0.1924885225952763,False,False,True,42.95302013422819,48.32214765100672,42.95302013422819,48.32214765100672,451975,Not screen-positive in either version,0.1924885225952763
IRN,"Iran, Islamic Republic of",EMRO,Lower middle income,High HDI,"Iran, Islamic Republic of",122.0,81.0,2023.0,74622,45318,152225,156467,91567746,77470,47154,157867,162295,92417690,92174,56863,187167,192589,95486677,124475,79250,252583,260393,99524287,157733,102658,321148,331861,101862001,73251.0,144433.0,69616,147049,1.1137600171531186,0.7734589464474777,1.6349065959100533,False,0,0.0,1,0,False,1292.8934426229507,52.0,0.9717546518136272,1.0360526655479538,0.8446823094445175,0.7734589464474777,False,False,True,68.45637583892618,71.81208053691275,68.45637583892618,71.81208053691275,157733,Not screen-positive in either version,0.7734589464474777
IRQ,Iraq,EMRO,Upper middle income,Medium HDI,Iraq,57.0,31.0,2025.0,17701,10185,33657,34279,46042022,18416,10616,34954,35601,47020783,22385,13011,42138,42931,51937217,32414,19126,60036,61210,62223224,44750,26783,81758,83415,71928761,22419.0,54448.0,16997,42972,1.5281057567369074,1.2737430167597763,3.220157053273826,False,0,0.0,1,0,False,785.0877192982456,90.0,1.4286542664704047,1.4299522154648132,1.0468704084631208,1.2737430167597763,False,False,True,88.59060402684564,93.95973154362416,88.59060402684564,93.95973154362416,44750,Not screen-positive in either version,1.2737430167597763
IRL,Ireland,EURO,High income,Very High HDI,Ireland,40.0,13.0,2026.0,15342,5781,26172,30752,5255028,15706,5956,26808,31535,5308049,17518,6896,30009,35533,5525103,20838,8876,36085,43320,5817578,23042,10727,40645,49584,5970050,16963.0,25703.0,14328,21463,0.5018902359535915,1.7359604201024217,2.607222004953722,False,0,0.0,1,0,False,576.05,111.0,0.5152390496963981,0.4670826435757036,1.5562385713729914,1.7359604201024217,False,False,True,41.61073825503356,38.25503355704698,41.61073825503356,38.25503355704698,23042,Not screen-positive in either version,1.7359604201024217
ISR,Israel,EURO,High income,Very High HDI,Israel,39.0,13.0,2026.0,15913,5507,30292,30468,9387026,16261,5647,30960,31140,9517193,18003,6420,34403,34606,10175963,21698,8177,41739,41995,11581484,25781,9938,49687,49995,13092729,16181.0,26856.0,14963,24223,0.6201219129014013,1.5127419417400412,2.450826368378056,False,0,0.0,1,0,False,661.0512820512821,102.0,0.6597243680860267,0.5854498493327593,1.45218945487042,1.5127419417400412,False,False,True,47.651006711409394,44.29530201342282,47.651006711409394,44.29530201342282,25781,Not screen-positive in either version,1.5127419417400412
ITA,Italy,EURO,High income,Very High HDI,Italy,567.0,205.0,2026.0,223056,85509,400997,429695,59342877,225449,86744,405080,434175,59146268,236706,92908,424425,455603,57946081,251805,105539,453507,489700,55221179,249136,114658,455533,496037,51891108,226204.0,261781.0,208457,231837,0.1169213112402267,2.2758653907905724,2.541962556488057,False,0,0.0,1,0,False,439.3932980599647,137.0,0.1572783858817703,0.1050658907336026,2.1659325925105337,2.2758653907905724,False,False,True,16.778523489932887,14.093959731543624,16.778523489932887,14.093959731543624,249136,Not screen-positive in either version,2.2758653907905724
CIV,Cote d'Ivoire,AFRO,Lower middle income,Low HDI,CÃ´te d'Ivoire,4.0,2.0,2026.0,12093,6807,20185,20402,31934241,12550,7073,20919,21144,32711553,15084,8571,24962,25229,36699023,21574,12426,35197,35576,45743932,29496,17050,47651,48162,55746991,12584.0,30909.0,11712,28574,1.4390969982634585,0.135611608353675,0.3307698668651286,True,7,10.0,1,1,True,7374.0,22.0,1.4562142403051492,1.3502788844621514,0.1294121453298392,0.135611608353675,True,True,True,89.93288590604027,89.26174496644296,89.93288590604027,89.26174496644296,29496,Retained,0.135611608353675
JAM,Jamaica,PAHO,Upper middle income,High HDI,Jamaica,5.0,4.0,2025.0,4608,2610,7483,7552,2839187,4722,2676,7662,7733,2837085,5302,3044,8600,8681,2808961,6485,3934,10586,10691,2676110,7525,4866,12354,12481,2454948,4510.0,7074.0,4353,7054,0.6330295138888888,0.6644518272425249,1.0850694444444444,False,0,0.0,1,0,False,1505.0,46.0,0.5685144124168515,0.5936044049131723,0.7068136839129205,0.6644518272425249,False,False,True,43.62416107382551,46.30872483221477,43.62416107382551,46.30872483221477,7525,Not screen-positive in either version,0.6644518272425249
JPN,Japan,WPRO,High income,Very High HDI,Japan,986.0,708.0,2026.0,521949,187152,1054679,1066842,123753054,524024,189168,1060022,1072357,123103486,530800,200138,1081122,1094470,119584130,530895,208455,1087381,1101392,112158313,520439,210877,1071212,1085508,105123177,509460.0,509052.0,467492,467792,-0.0028930029562275,1.8945544050311367,1.889073453536648,False,0,0.0,1,0,False,527.8286004056795,121.0,-0.00080084795666,-0.0068412897119215,1.936933751365283,1.8945544050311367,False,False,True,4.026845637583892,4.697986577181208,4.026845637583892,4.697986577181208,520439,Not screen-positive in either version,1.8945544050311367
KAZ,Kazakhstan,EURO,Upper middle income,Very High HDI,Kazakhstan,51.0,26.0,2026.0,16384,8329,29249,29851,20592579,16870,8592,30108,30726,20843766,19311,9891,34407,35127,22003202,23830,12251,42366,43399,24246833,28005,14412,49643,50960,26544271,19782.0,29037.0,14445,24486,0.70928955078125,1.821103374397429,3.11279296875,False,0,0.0,1,0,False,549.1176470588235,116.0,0.467849560206248,0.6600474214582099,1.7563797913007542,1.821103374397429,False,False,True,38.25503355704698,50.33557046979866,38.25503355704698,50.33557046979866,28005,Not screen-positive in either version,1.821103374397429
JOR,Jordan,EMRO,Upper middle income,High HDI,Jordan,23.0,5.0,2025.0,4915,2093,9828,9975,11552884,5088,2175,10149,10299,11520695,6429,2782,12718,12905,12448785,10125,4437,19737,20022,14471307,15057,6591,28911,29328,16367363,7551.0,17091.0,4818,14779,2.0634791454730417,1.527528724181444,4.679552390640895,False,0,0.0,1,0,False,654.6521739130435,103.0,1.2634088200238378,1.959316037735849,1.3457375226727517,1.527528724181444,False,False,True,79.86577181208054,100.0,79.86577181208054,100.0,15057,Not screen-positive in either version,1.527528724181444
KEN,Kenya,AFRO,Lower middle income,Medium HDI,Kenya,18.0,10.0,2026.0,22342,14103,35428,35867,56432954,23144,14613,36648,37101,57532502,27694,17539,43562,44098,63102257,39418,25144,61242,61996,74108872,54179,34877,83411,84438,83593248,29246.0,70934.0,21375,51868,1.4249843344373825,0.3322320456265342,0.8056575060424312,True,6,8.0,1,1,True,3009.9444444444443,31.0,1.4254256992409218,1.3409522986519185,0.2537570135619026,0.3322320456265342,True,True,True,87.91946308724832,88.59060402684564,87.91946308724832,88.59060402684564,54179,Retained,0.3322320456265342
PRK,"Korea, Democratic People's Republic of",SEARO,Low income,,"Korea, Democratic People's Republic of",2.0,2.0,2016.0,36569,25667,70153,70520,26498831,37264,26202,71438,71811,26571046,40840,28896,78041,78440,26784911,47124,33436,89519,90004,26542441,49273,35237,93393,93963,25787136,39467.0,53543.0,32902,44118,0.3473980694030463,0.0405901812351592,0.0546911318329732,False,0,22.0,1,0,False,24636.5,6.0,0.3566523931385714,0.3222681408329755,0.037353155407803,0.0405901812351592,False,False,True,30.87248322147651,29.53020134228188,30.87248322147651,29.53020134228188,49273,Not screen-positive in either version,0.0405901812351592
KOR,"Korea, Republic of",WPRO,High income,Very High HDI,"Korea, Republic of",190.0,65.0,2023.0,110033,41280,246210,250247,51717598,113099,42988,252533,256724,51667037,127809,51971,282734,287742,51188592,151103,71470,330925,337879,48948697,158839,86689,348158,356860,45143141,116295.0,162379.0,98321,142315,0.4435578417383876,1.1961797795251796,1.7267547008624686,False,0,0.0,1,0,False,835.9947368421052,84.0,0.3962681112687563,0.4044244423027612,1.1701020452152064,1.1961797795251796,False,False,True,33.557046979865774,34.899328859060404,33.557046979865774,34.899328859060404,158839,Not screen-positive in either version,1.1961797795251796
KWT,Kuwait,EMRO,High income,Very High HDI,Kuwait,5.0,2.0,2021.0,2204,863,4251,4275,4934514,2271,890,4371,4396,5026086,2565,1010,4906,4934,5324208,3241,1293,6132,6164,5831219,3971,1601,7486,7524,6367762,2944.0,9533.0,2052,3693,0.8017241379310345,1.2591286829513977,2.268602540834846,False,0,0.0,1,0,False,794.2,89.0,2.238111413043478,0.7485689123734038,0.5244938634217979,1.2591286829513977,False,False,True,99.32885906040268,57.04697986577181,99.32885906040268,57.04697986577181,3971,Not screen-positive in either version,1.2591286829513977
KGZ,Kyrgyzstan,EURO,Lower middle income,High HDI,Kyrgyzstan,1.0,1.0,2025.0,4529,2320,8660,8902,7186019,4690,2408,8958,9208,7295042,5509,2846,10487,10791,7803628,7112,3691,13482,13930,8757705,8756,4587,16549,17122,9642964,3544.0,6883.0,4123,7923,0.9333186133804372,0.1142074006395614,0.2207992934422609,False,0,4.0,1,0,False,8756.0,18.0,0.942155756207675,0.8669509594882729,0.1452854859799506,0.1142074006395614,False,False,True,66.44295302013423,61.07382550335571,66.44295302013423,61.07382550335571,8756,Not screen-positive in either version,0.1142074006395614
LAO,Lao People's Democratic Republic,WPRO,Lower middle income,Medium HDI,Lao People's Democratic Republic,1.0,1.0,2022.0,3430,2095,8295,8400,7769828,3538,2162,8548,8657,7873057,4108,2527,9910,10036,8357033,5386,3381,13017,13188,9169011,6781,4357,16511,16736,9757295,4522.0,8962.0,3114,6091,0.9769679300291544,0.1474708745022858,0.2915451895043732,False,0,3.0,1,0,False,6781.0,23.0,0.9818664307828396,0.9166195590729224,0.1115822361080116,0.1474708745022858,False,False,True,69.12751677852349,63.08724832214765,69.12751677852349,63.08724832214765,6781,Not screen-positive in either version,0.1474708745022858
LBN,Lebanon,EMRO,Upper middle income,High HDI,Lebanon,16.0,12.0,2026.0,10082,4388,17272,17728,5805973,10338,4504,17697,18168,5849428,11677,5101,19936,20494,6103817,14246,6212,24269,25032,6620340,16457,7164,28004,28980,6999268,6325.0,8535.0,9637,15720,0.6323150168617337,0.972230661724494,1.5869867089863123,False,0,0.0,1,0,False,1028.5625,68.0,0.3494071146245059,0.5918939833623524,1.8746338605741064,0.972230661724494,False,False,True,30.2013422818792,45.63758389261745,30.2013422818792,45.63758389261745,16457,Not screen-positive in either version,0.972230661724494
LSO,Lesotho,AFRO,Lower middle income,Low HDI,Lesotho,,,,1301,849,2019,2136,2337432,1327,865,2061,2180,2363336,1485,966,2303,2435,2493827,1921,1264,2960,3128,2757883,2534,1684,3855,4084,2993086,1293.0,2125.0,1264,2457,0.9477325134511914,,,False,0,,0,0,False,,,0.6434648105181748,0.9095704596834966,,,False,False,False,,,,,2534,Not comparable,
LVA,Latvia,EURO,High income,Very High HDI,Latvia,15.0,6.0,2023.0,6358,3079,10852,11317,1871883,6367,3094,10868,11335,1853568,6443,3184,10977,11452,1777628,6521,3380,11115,11613,1640656,6429,3467,10948,11452,1513821,6470.0,6144.0,5893,5951,0.0111670336583831,2.3331777881474567,2.3592324630386914,False,0,0.0,1,0,False,428.6,142.0,-0.0503863987635239,0.0097377100675357,2.44140625,2.3331777881474567,False,False,True,2.013422818791946,6.04026845637584,2.013422818791946,6.04026845637584,6429,Not screen-positive in either version,2.3331777881474567
LBR,Liberia,AFRO,Low income,Low HDI,Liberia,,,,2329,1349,4159,4217,5612827,2394,1387,4276,4335,5731214,2778,1612,4942,5011,6366301,3768,2192,6637,6729,7681697,5035,2946,8777,8898,8910538,2314.0,4955.0,2239,4840,1.1618720480893088,,,False,0,,0,0,False,,,1.141313742437338,1.1031746031746033,,,False,False,False,,,,,5035,Not comparable,
LBY,Libya,EMRO,Upper middle income,High HDI,Libya,11.0,5.0,2023.0,4256,2435,8000,8070,7381031,4402,2525,8264,8337,7458566,5349,3117,9973,10063,7885817,7657,4544,14155,14303,8651426,10088,5989,18691,18925,9260615,4699.0,10468.0,3975,9464,1.3703007518796992,1.0904044409199047,2.5845864661654137,False,0,0.0,1,0,False,917.0909090909091,76.0,1.2277080229836137,1.291685597455702,1.0508215513947268,1.0904044409199047,False,False,True,77.85234899328859,83.22147651006712,77.85234899328859,83.22147651006712,10088,Not screen-positive in either version,1.0904044409199047
LTU,Lithuania,EURO,High income,Very High HDI,Lithuania,16.0,5.0,2024.0,9543,4123,16071,16368,2859116,9572,4146,16119,16418,2830154,9744,4292,16414,16726,2706365,10041,4637,17013,17373,2484842,10091,4811,17132,17525,2258783,10030.0,9688.0,9019,9493,0.0574242900555381,1.585571301159449,1.676621607460966,False,0,0.0,1,0,False,630.6875,106.0,-0.0340977068793618,0.0542206435436689,1.6515276630883566,1.585571301159449,False,False,True,3.355704697986577,9.395973154362416,3.355704697986577,9.395973154362416,10091,Not screen-positive in either version,1.585571301159449
LUX,Luxembourg,EURO,High income,Very High HDI,Luxembourg,4.0,1.0,2017.0,1624,573,2731,2777,673046,1669,588,2801,2849,680462,1902,678,3181,3238,713675,2380,908,4012,4094,762681,2788,1153,4751,4857,791473,1943.0,3388.0,1538,2638,0.7167487684729064,1.4347202295552368,2.4630541871921183,False,0,0.0,1,0,False,697.0,97.0,0.743695316520844,0.6704613541042541,1.180637544273908,1.4347202295552368,False,False,True,53.69127516778524,51.006711409395976,53.69127516778524,51.006711409395976,2788,Not screen-positive in either version,1.4347202295552368
MDG,Madagascar,AFRO,Low income,Low HDI,Madagascar,3.0,2.0,2022.0,11316,7136,20897,21354,31964962,11730,7400,21623,22095,32740686,13976,8842,25526,26080,36693190,19363,12324,34753,35498,44846907,26150,16809,46048,47021,53185484,14555.0,34496.0,11058,25555,1.3108872393071755,0.1147227533460803,0.2651113467656416,True,6,10.0,1,1,True,8716.666666666666,19.0,1.370044658193061,1.2293265132139817,0.0869666048237476,0.1147227533460803,True,True,True,83.22147651006712,79.19463087248322,83.22147651006712,79.19463087248322,26150,Retained,0.1147227533460803
MWI,Malawi,AFRO,Low income,Low HDI,Malawi,2.0,2.0,2026.0,13054,7846,22836,23246,21655296,13594,8169,23721,24148,22216129,16681,10052,28768,29285,25160297,24661,15137,41464,42208,31302107,34849,21800,57202,58211,37361691,11602.0,29414.0,12864,34319,1.6696031867626782,0.0573904559671726,0.1532097441397273,True,7,15.0,1,1,True,17424.5,8.0,1.5352525426650576,1.563557451816978,0.0679948323927381,0.0573904559671726,True,True,True,92.61744966442951,96.64429530201345,92.61744966442951,96.64429530201345,34849,Retained,0.0573904559671726
MYS,Malaysia,WPRO,Upper middle income,Very High HDI,Malaysia,71.0,31.0,2026.0,30960,17438,53995,54586,35557683,32053,18073,55885,56498,35977846,37795,21454,65893,66632,37961728,50359,29109,88185,89250,41509652,64083,37702,112834,114298,44289782,32324.0,61341.0,27920,57059,1.0698643410852715,1.1079381427211583,2.29328165374677,False,0,0.0,1,0,False,902.5774647887324,78.0,0.8976921173122139,0.9992824384612984,1.1574640126505926,1.1079381427211583,False,False,True,64.42953020134227,69.12751677852349,64.42953020134227,69.12751677852349,64083,Not screen-positive in either version,1.1079381427211583
MDV,Maldives,SEARO,Upper middle income,High HDI,Maldives,,,,284,181,524,525,527809,300,189,548,550,529686,387,252,690,692,539677,626,439,1077,1080,564808,933,669,1566,1568,589975,364.0,869.0,266,870,2.285211267605634,,,False,0,,0,0,False,,,1.387362637362637,2.11,,,False,False,False,,,,,933,Not comparable,
MLI,Mali,AFRO,Low income,Low HDI,Mali,2.0,1.0,2026.0,7616,4465,13686,13942,24478605,7882,4623,14157,14422,25198833,9400,5517,16829,17146,29002877,13523,7976,24007,24465,37413651,19359,11471,33928,34575,46154087,8797.0,22362.0,7181,18269,1.5418855042016806,0.1033111214422232,0.2626050420168067,True,7,8.0,1,1,True,9679.5,14.0,1.5420029555530292,1.4561025120527784,0.089437438511761,0.1033111214422232,True,True,True,93.28859060402684,94.63087248322148,93.28859060402684,94.63087248322148,19359,Retained,0.1033111214422232
MLT,Malta,EURO,High income,Very High HDI,Malta,3.0,1.0,2024.0,1477,513,2770,3499,539617,1514,531,2840,3639,545416,1668,609,3139,4267,555242,1919,733,3615,5115,551742,2162,839,4039,5667,535730,1531.0,2158.0,1378,2006,0.4637779282329046,1.387604070305273,2.031144211238998,False,0,0.0,1,0,False,720.6666666666666,96.0,0.4095362508164597,0.4280052840158521,1.3901760889712698,1.387604070305273,False,False,True,34.899328859060404,35.57046979865772,34.899328859060404,35.57046979865772,2162,Not screen-positive in either version,1.387604070305273
MTQ,"France, Martinique",PAHO,,,"France, Martinique",3.0,1.0,2023.0,1338,440,2062,2152,343204,1351,447,2085,2176,340446,1385,483,2163,2262,327647,1287,546,2106,2212,305857,1067,547,1835,1935,282079,1260.0,1181.0,1278,1011,-0.20254110612855,2.8116213683223994,2.242152466367713,False,0,0.0,1,0,False,355.6666666666667,146.0,-0.0626984126984127,-0.2102146558105107,2.5402201524132093,2.8116213683223994,False,False,True,1.342281879194631,0.6711409395973155,1.342281879194631,0.6711409395973155,1067,Not screen-positive in either version,2.8116213683223994
MRT,Mauritania,AFRO,Lower middle income,Low HDI,Mauritania,4.0,1.0,2019.0,2085,1202,3541,3605,5169406,2154,1241,3657,3723,5315075,2541,1466,4303,4381,6062535,3551,2056,5990,6099,7681917,4963,2894,8325,8477,9415610,1797.0,4251.0,2003,4764,1.3803357314148683,0.8059641345960105,1.9184652278177456,False,1,0.0,1,0,False,1240.75,58.0,1.365609348914858,1.3040854224698235,0.9409550693954364,0.8059641345960105,False,False,True,82.5503355704698,85.23489932885906,82.5503355704698,85.23489932885906,4963,Not screen-positive in either version,0.8059641345960105
MUS,Mauritius,AFRO,Upper middle income,High HDI,Mauritius,5.0,1.0,2024.0,1679,779,2933,2976,1271178,1715,800,2996,3040,1268289,1895,908,3292,3341,1250440,2161,1110,3739,3799,1195233,2311,1244,3982,4049,1107203,1756.0,2358.0,1596,2187,0.3764145324597974,2.163565556036348,2.977963073257892,False,0,0.0,1,0,False,462.2,134.0,0.3428246013667426,0.3475218658892127,2.1204410517387617,2.163565556036348,False,False,True,29.53020134228188,31.543624161073826,29.53020134228188,31.543624161073826,2311,Not screen-positive in either version,2.163565556036348
MEX,Mexico,PAHO,Upper middle income,High HDI,Mexico,216.0,119.0,2026.0,99541,38374,194661,201137,130861017,102319,39636,199887,206588,131946912,116618,46397,227002,234938,136904744,146126,62227,284376,295475,144624332,174667,79854,341115,356148,148946282,105314.0,187829.0,96035,168390,0.7547241840045811,1.2366388613762187,2.1699601169367395,False,0,0.0,1,0,False,808.6435185185185,87.0,0.7835140627077122,0.7070827510042124,1.1499821646284651,1.2366388613762187,False,False,True,57.04697986577181,53.69127516778524,57.04697986577181,53.69127516778524,174667,Not screen-positive in either version,1.2366388613762187
MNG,Mongolia,WPRO,Lower middle income,High HDI,Mongolia,6.0,1.0,2025.0,2333,1415,7156,7240,3475550,2422,1473,7428,7513,3517108,2922,1812,8973,9072,3705238,4171,2686,12718,12866,4095565,5535,3641,16718,16944,4501503,2088.0,4710.0,2240,5332,1.3724817831118732,1.084010840108401,2.571795970852979,False,1,0.0,1,0,False,922.5,74.0,1.2557471264367814,1.2853014037985138,1.2738853503184713,1.084010840108401,False,False,True,79.19463087248322,82.5503355704698,79.19463087248322,82.5503355704698,5535,Not screen-positive in either version,1.084010840108401
MDA,Republic of Moldova,EURO,Upper middle income,High HDI,Republic of Moldova,5.0,1.0,2025.0,6572,3308,11024,11349,3034971,6569,3321,11024,11354,2996112,6504,3348,10963,11319,2845253,6170,3263,10431,10810,2568819,5900,3160,9952,10310,2351818,6017.0,6775.0,5855,5229,-0.1022519780888618,0.847457627118644,0.7608034083992696,False,0,0.0,1,0,False,1180.0,63.0,0.125976400199435,-0.1018419850814431,0.7380073800738007,0.847457627118644,False,False,True,11.409395973154362,2.013422818791946,11.409395973154362,2.013422818791946,5900,Not screen-positive in either version,0.847457627118644
MNE,Montenegro,EURO,Upper middle income,Very High HDI,Montenegro,4.0,1.0,2026.0,1810,948,3007,3328,638487,1821,957,3024,3349,632737,1875,1008,3119,3465,612572,1930,1094,3233,3644,574443,1915,1128,3230,3676,533303,1636.0,1924.0,1678,1778,0.0580110497237569,2.088772845953003,2.209944751381216,False,0,0.0,1,0,False,478.75,132.0,0.1760391198044009,0.0516199890170236,2.079002079002079,2.088772845953003,False,False,True,18.12080536912752,8.724832214765101,18.12080536912752,8.724832214765101,1915,Not screen-positive in either version,2.088772845953003
MAR,Morocco,EMRO,Lower middle income,Medium HDI,Morocco,91.0,60.0,2026.0,29559,16254,47550,47944,38081180,30388,16730,48833,49240,38430781,34557,19127,55269,55745,39953468,42671,23874,67796,68435,42168214,50182,28273,79323,80118,43440439,40827.0,69147.0,27802,46953,0.6976893670286546,1.813399226814396,3.078588585540783,False,0,0.0,1,0,False,551.4505494505495,115.0,0.6936586082739364,0.651375542977491,1.3160368490317729,1.813399226814396,False,False,True,50.33557046979866,48.99328859060403,50.33557046979866,48.99328859060403,50182,Not screen-positive in either version,1.813399226814396
MOZ,Mozambique,AFRO,Low income,Low HDI,Mozambique,1.0,1.0,2025.0,11851,7267,24401,25058,34631776,12247,7507,25222,25902,35631660,14474,8865,29758,30562,40846761,20647,12728,41868,42991,52124224,29179,18168,57750,59282,63530958,13699.0,32701.0,11653,28686,1.462155092397266,0.0342712224545049,0.0843810648890389,True,7,13.0,1,1,True,29179.0,5.0,1.387108548069202,1.382542663509431,0.0305801045839576,0.0342712224545049,True,True,True,85.23489932885906,91.94630872483222,85.23489932885906,91.94630872483222,29179,Retained,0.0342712224545049
OMN,Oman,EMRO,High income,Very High HDI,Oman,7.0,2.0,2025.0,1689,684,4028,4076,5281545,1773,719,4225,4276,5494701,2082,850,4922,4980,6112717,2759,1156,6385,6462,6931980,3696,1563,8346,8449,7827012,1626.0,4423.0,1512,3338,1.1882770870337476,1.893939393939394,4.144464179988159,False,0,0.0,1,0,False,528.0,120.0,1.7201722017220171,1.0846023688663284,1.5826362197603436,1.893939393939394,False,False,True,95.3020134228188,73.8255033557047,95.3020134228188,73.8255033557047,3696,Not screen-positive in either version,1.893939393939394
NAM,Namibia,AFRO,Upper middle income,Medium HDI,Namibia,3.0,2.0,2024.0,2192,1379,3957,4205,3030141,2277,1435,4105,4363,3092826,2733,1727,4876,5188,3389968,3854,2463,6741,7189,3962414,5243,3385,8996,9624,4512307,1909.0,3798.0,2133,5107,1.3918795620437958,0.5721914934197978,1.368613138686131,False,0,0.0,1,0,False,1747.6666666666667,41.0,0.9895233106338396,1.3025911286780851,0.7898894154818326,0.5721914934197978,False,False,True,69.79865771812081,83.89261744966443,69.79865771812081,83.89261744966443,5243,Not screen-positive in either version,0.5721914934197978
NPL,Nepal,SEARO,Lower middle income,Medium HDI,Nepal,13.0,7.0,2026.0,11954,8005,24254,24499,29651067,12138,8127,24606,24855,29618124,13418,8990,27105,27382,30510006,16857,11357,33882,34235,32909547,21021,14387,42184,42627,34642037,11007.0,20398.0,11373,20006,0.7584908817132341,0.6184291898577613,1.0875020913501756,False,0,0.0,1,0,False,1617.0,44.0,0.8531843372399381,0.7318339100346021,0.6373173840572605,0.6184291898577613,False,False,True,59.73154362416108,55.033557046979865,59.73154362416108,55.033557046979865,21021,Not screen-positive in either version,0.6184291898577613
NLD,The Netherlands,EURO,High income,Very High HDI,The Netherlands,154.0,27.0,2025.0,64594,26724,112827,131204,18228748,65707,27349,114760,133629,18346829,70673,30546,123518,145067,18757229,77104,35831,135199,161423,19062993,80119,39130,140798,169959,18958483,69358.0,80574.0,59460,73844,0.2403474006873702,1.9221408155368889,2.384122364306282,False,0,0.0,1,0,False,520.2532467532468,125.0,0.1617116987225699,0.219337361316146,1.911286519224564,1.9221408155368889,False,False,True,17.449664429530202,22.818791946308725,17.449664429530202,22.818791946308725,80119,Not screen-positive in either version,1.9221408155368889
CUW,Curacao,,High income,,CuraÃ§ao,3.0,2.0,2024.0,398,204,657,658,185489,400,205,667,668,185497,423,216,703,704,184834,444,227,748,749,180408,471,242,790,790,173506,,,369,434,0.1834170854271357,6.369426751592357,7.537688442211055,False,0,0.0,1,0,False,157.0,150.0,,0.1775,,6.369426751592357,False,False,False,,,,,471,Not comparable,6.369426751592357
NCL,New Caledonia,WPRO,High income,,New Caledonia,,,,716,263,1137,1139,292650,735,270,1170,1172,295341,848,318,1340,1342,307584,1060,415,1676,1680,327508,1224,505,1931,1938,340591,795.0,1347.0,687,1174,0.7094972067039107,,,False,0,,0,0,False,,,0.6943396226415095,0.6653061224489796,,,False,False,False,,,,,1224,Not comparable,
VUT,Vanuatu,WPRO,Lower middle income,Medium HDI,Vanuatu,,,,151,72,313,313,327786,156,74,323,323,335176,184,86,373,373,372439,246,117,497,497,451521,330,161,655,655,534394,133.0,295.0,134,293,1.185430463576159,,,False,0,,0,0,False,,,1.218045112781955,1.1153846153846154,,,False,False,False,,,,,330,Not comparable,
NZL,New Zealand,WPRO,High income,Very High HDI,New Zealand,35.0,10.0,2024.0,15104,5829,28500,28738,5213951,15404,5987,29099,29344,5251907,16834,6828,32058,32342,5407358,19182,8446,37147,37511,5617299,20889,9670,40843,41273,5755297,15870.0,22424.0,13837,19034,0.3830111228813559,1.6755230025372203,2.3172669491525424,False,0,0.0,1,0,False,596.8285714285714,107.0,0.4129804662885947,0.3560763438068035,1.5608276846236175,1.6755230025372203,False,False,True,35.57046979865772,32.21476510067114,35.57046979865772,32.21476510067114,20889,Not screen-positive in either version,1.6755230025372203
NIC,Nicaragua,PAHO,Lower middle income,Medium HDI,Nicaragua,6.0,2.0,2026.0,4116,1887,8606,8919,6916149,4275,1966,8921,9246,7007509,5121,2380,10603,10992,7441612,7177,3430,14692,15235,8189923,9844,4803,19891,20647,8756439,4117.0,9228.0,3955,9461,1.391642371234208,0.609508329947176,1.4577259475218658,False,1,0.0,1,0,False,1640.6666666666667,43.0,1.2414379402477531,1.302690058479532,0.6501950585175552,0.609508329947176,False,False,True,78.52348993288591,84.56375838926175,78.52348993288591,84.56375838926175,9844,Not screen-positive in either version,0.609508329947176
NER,Niger,AFRO,Low income,Low HDI,Niger,1.0,1.0,2021.0,7662,4382,15572,16234,27032421,7953,4547,16166,16854,27917839,9586,5472,19445,20278,32518084,13994,7946,28132,29335,42316748,20453,11624,40752,42464,52513884,4957.0,13280.0,7410,19785,1.6694074654137303,0.0488925829951596,0.1305142260506395,True,7,9.0,1,1,True,20453.0,7.0,1.679039741779302,1.571733936879165,0.0753012048192771,0.0488925829951596,True,True,True,94.63087248322148,97.31543624161074,94.63087248322148,97.31543624161074,20453,Retained,0.0488925829951596
NGA,Nigeria,AFRO,Lower middle income,Low HDI,Nigeria,17.0,15.0,2026.0,101242,57344,149084,152261,232679487,104054,58970,153200,156463,237527791,119734,68088,176002,179737,262380978,159955,91189,233606,238528,312710424,211443,120673,306408,312744,359185564,88345.0,187942.0,97049,202738,1.088490942494222,0.0803999186541999,0.1679145018865688,False,0,83.0,1,0,False,12437.823529411764,10.0,1.1273643103741016,1.032050666000346,0.090453437762714,0.0803999186541999,False,False,True,74.49664429530202,71.14093959731544,74.49664429530202,71.14093959731544,211443,Not screen-positive in either version,0.0803999186541999
NOR,Norway,EURO,High income,Very High HDI,Norway,44.0,10.0,2021.0,20036,6111,35987,39345,5576668,20465,6292,36766,40238,5623081,22416,7209,40382,44451,5729104,25638,8790,46412,51551,5853880,27883,10093,50761,56819,5899839,22060.0,31071.0,18536,25760,0.3916450389299262,1.5780224509557794,2.1960471151926533,False,0,0.0,1,0,False,633.7045454545455,105.0,0.4084768812330008,0.3624725140483753,1.4161114865952174,1.5780224509557794,False,False,True,34.22818791946309,32.88590604026846,34.22818791946309,32.88590604026846,27883,Not screen-positive in either version,1.5780224509557794
PAK,Pakistan,EMRO,Lower middle income,Low HDI,Pakistan,84.0,28.0,2026.0,108419,62874,186233,190308,251269175,111281,64529,190960,195144,255219565,127568,73974,217866,222663,276883264,168672,98132,285630,292004,324937707,221111,129557,371520,379941,371863801,105159.0,212166.0,104033,212338,1.0394119111963769,0.3798996883918032,0.7747719495660355,False,0,21.0,1,0,False,2632.2738095238096,35.0,1.0175733888682852,0.9869609367277432,0.3959164050790418,0.3798996883918032,False,False,True,71.81208053691275,68.45637583892618,71.81208053691275,68.45637583892618,221111,Not screen-positive in either version,0.3798996883918032
PAN,Panama,PAHO,Upper middle income,Very High HDI,Panama,12.0,4.0,2026.0,4729,1700,9135,9417,4515585,4909,1767,9463,9754,4571199,5898,2126,11255,11601,4833867,8400,3023,15649,16134,5286601,11429,4076,20747,21408,5630688,4594.0,8821.0,4523,10973,1.4167900190315077,1.0499606264765071,2.5375343624444917,False,0,0.0,1,0,False,952.4166666666666,72.0,0.9201131911188508,1.3281727439397026,1.360389978460492,1.0499606264765071,False,False,True,65.77181208053692,87.24832214765101,65.77181208053692,87.24832214765101,11429,Not screen-positive in either version,1.0499606264765071
PNG,Papua New Guinea,WPRO,Lower middle income,Medium HDI,Papua New Guinea,2.0,1.0,2024.0,7607,4409,13398,13908,10576512,7910,4595,13912,14438,10762825,9562,5596,16717,17325,11671433,13359,7918,23283,24058,13376169,17534,10447,30497,31449,14906600,7686.0,15928.0,7299,16837,1.3049822531878532,0.1140641040264628,0.26291573550677,True,6,7.0,1,1,True,8767.0,17.0,1.0723393182409575,1.2166877370417195,0.1255650426921145,0.1140641040264628,False,True,True,73.15436241610739,78.52348993288591,73.15436241610739,78.52348993288591,17534,New in GCO version 2024,0.1140641040264628
PRY,Paraguay,PAHO,Upper middle income,High HDI,Paraguay,11.0,6.0,2026.0,7261,3309,12311,13064,6929162,7495,3418,12693,13470,7013088,8773,4011,14753,15667,7407629,11843,5424,19653,20915,8087580,15538,7161,25474,27153,8640473,7197.0,13470.0,7020,15063,1.1399256300785017,0.707941820054061,1.5149428453381075,False,0,0.0,1,0,False,1412.5454545454545,49.0,0.8716131721550646,1.0731154102735156,0.8166295471417966,0.707941820054061,False,False,True,62.41610738255034,72.48322147651007,62.41610738255034,72.48322147651007,15538,Not screen-positive in either version,0.707941820054061
PER,Peru,PAHO,Upper middle income,High HDI,Peru,68.0,26.0,2026.0,32082,13890,74073,77485,34217858,33055,14360,76271,79811,34576674,38113,16824,87684,91899,36193891,49362,22563,113094,118922,38794657,61470,29314,140784,148605,40583887,30368.0,56387.0,31024,59380,0.9160276790723773,1.1062306816333172,2.119568605448538,False,0,0.0,1,0,False,903.9705882352941,77.0,0.8567900421496313,0.859627892905763,1.2059517264617732,1.1062306816333172,False,False,True,60.40268456375839,60.40268456375839,60.40268456375839,60.40268456375839,61470,Not screen-positive in either version,1.1062306816333172
PHL,Philippines,WPRO,Lower middle income,High HDI,Philippines,79.0,63.0,2026.0,83346,41712,149050,149852,115843680,86321,43282,154095,154926,116786971,101977,51559,180475,181458,121408905,135654,69543,236878,238191,129546670,171333,88865,296790,298459,134373447,110397.0,214968.0,76691,158036,1.0556835361025123,0.4610903912264421,0.9478559258992632,False,0,2.0,1,0,False,2168.772151898734,37.0,0.947226826815946,0.9848356715051958,0.3674965576271817,0.4610903912264421,False,False,True,67.11409395973155,67.78523489932886,67.11409395973155,67.78523489932886,171333,Not screen-positive in either version,0.4610903912264421
POL,Poland,EURO,High income,Very High HDI,Poland,173.0,47.0,2026.0,122342,64354,196176,202797,38539209,123717,65374,198382,205146,38140917,130582,70953,210034,217680,37198549,140281,81146,227607,237052,35179561,148169,87502,239388,249556,32814105,133222.0,165038.0,111802,134356,0.2111049353451799,1.1675856623180287,1.4140687580716351,False,0,0.0,1,0,False,856.4682080924855,82.0,0.2388194142108661,0.1976446244250991,1.0482434348453085,1.1675856623180287,False,False,True,22.818791946308725,21.47651006711409,22.818791946308725,21.47651006711409,148169,Not screen-positive in either version,1.1675856623180287
PRT,Portugal,EURO,High income,Very High HDI,Portugal,57.0,24.0,2025.0,37477,16276,66705,69439,10425301,37778,16510,67298,70082,10411843,39050,17616,69896,72931,10317935,40218,19403,72954,76470,10082263,39281,20213,72363,76207,9770279,37732.0,42021.0,33925,35214,0.0481361901966539,1.4510832208955984,1.520932838807802,False,0,0.0,1,0,False,689.140350877193,98.0,0.1136700943496236,0.0397850600878817,1.356464624830442,1.4510832208955984,False,False,True,10.06711409395973,8.053691275167784,10.06711409395973,8.053691275167784,39281,Not screen-positive in either version,1.4510832208955984
GNB,Guinea-Bissau,AFRO,Low income,Low HDI,Guinea-Bissau,,,,839,496,1568,1584,2201364,869,515,1621,1638,2249526,1027,611,1913,1933,2488943,1435,863,2651,2679,2969713,1964,1196,3588,3625,3438616,728.0,1698.0,805,1882,1.3408820023837902,,,False,0,,0,0,False,,,1.3324175824175826,1.2600690448791716,,,False,False,False,,,,,1964,Not comparable,
TLS,Timor-Leste,SEARO,Lower middle income,Medium HDI,Timor-Leste,,,,903,528,1578,1593,1400647,919,534,1605,1621,1418527,1018,590,1768,1785,1519813,1322,756,2272,2292,1718261,1788,1038,3044,3073,1889258,513.0,973.0,840,1664,0.9800664451827245,,,False,0,,0,0,False,,,0.8966861598440545,0.9455930359085962,,,False,False,False,,,,,1788,Not comparable,
PRI,Puerto Rico,PAHO,High income,,Puerto Rico,20.0,13.0,2021.0,8887,3615,16499,16568,3242214,8961,3653,16658,16728,3235299,9196,3782,17198,17274,3140750,9164,3828,17347,17430,2853797,8756,3710,16673,16756,2504004,9531.0,9692.0,8300,8170,-0.0147406323843817,2.284148012791229,2.2504782266231573,False,0,0.0,1,0,False,437.8,138.0,0.0168922463540026,-0.0228769110590335,2.063557573256294,2.284148012791229,False,False,True,4.697986577181208,4.026845637583892,4.697986577181208,4.026845637583892,8756,Not screen-positive in either version,2.284148012791229
QAT,Qatar,EMRO,High income,Very High HDI,Qatar,4.0,1.0,2023.0,1521,700,3303,3326,3048432,1551,715,3370,3393,3115897,1651,765,3581,3605,3333621,1907,882,4078,4104,3711513,2333,1072,4896,4924,4164471,726.0,2013.0,1409,2176,0.5338593030900722,1.7145306472353192,2.6298487836949374,False,0,0.0,1,0,False,583.25,109.0,1.772727272727273,0.5041908446163765,1.987083954297069,1.7145306472353192,False,False,True,96.64429530201345,39.59731543624161,96.64429530201345,39.59731543624161,2333,Not screen-positive in either version,1.7145306472353192
REU,"France, La Reunion",AFRO,,,"France, La RÃ©union",5.0,1.0,2018.0,1970,732,3336,3337,878597,2024,754,3429,3430,882411,2272,881,3876,3877,900879,2597,1118,4540,4541,929488,2657,1260,4769,4770,941424,2013.0,2849.0,1828,2453,0.3487309644670051,1.881821603312006,2.538071065989848,False,0,0.0,1,0,False,531.4,119.0,0.4153005464480874,0.3127470355731225,1.755001755001755,1.881821603312006,False,False,True,36.24161073825504,28.187919463087248,36.24161073825504,28.187919463087248,2657,Not screen-positive in either version,1.881821603312006
ROU,Romania,EURO,Upper middle income,Very High HDI,Romania,118.0,56.0,2026.0,57251,28482,95376,98829,19015095,57503,28674,95800,99284,18908657,58688,29701,97865,101475,18359519,59744,31079,100143,104001,17209726,58258,31157,98308,102315,16027274,59940.0,67599.0,52743,53393,0.0175892124155037,2.025472896426242,2.0610993694433284,False,0,0.0,1,0,False,493.7118644067797,129.0,0.1277777777777777,0.0131297497521869,1.7455879524845042,2.025472896426242,False,False,True,12.08053691275168,6.711409395973154,12.08053691275168,6.711409395973154,58258,Not screen-positive in either version,2.025472896426242
RUS,Russian Federation,EURO,Upper middle income,Very High HDI,Russian Federation,568.0,157.0,2026.0,343154,154536,612444,633830,144820431,346468,156579,618382,640112,143997401,360791,165895,644985,668327,141889418,374754,179406,673179,698712,138281843,384449,188592,689145,716024,136132785,344142.0,396492.0,308421,343349,0.1203395560010958,1.4774391401720384,1.655233510318982,False,0,0.0,1,0,False,676.8468309859155,100.0,0.1521174398939972,0.109623399563596,1.4325635826195735,1.4774391401720384,False,False,True,14.76510067114094,14.76510067114094,14.76510067114094,14.76510067114094,384449,Not screen-positive in either version,1.4774391401720384
RWA,Rwanda,AFRO,Low income,Low HDI,Rwanda,2.0,1.0,2023.0,6979,4354,12279,12440,14256578,7210,4497,12679,12845,14569349,8452,5272,14816,15009,16154714,11639,7330,20308,20573,19440780,16345,10352,28145,28502,22707918,4044.0,9695.0,6598,15430,1.3420260782347042,0.1223615784643621,0.2865740077374982,True,6,6.0,1,1,True,8172.5,20.0,1.3973788328387733,1.266990291262136,0.2062919030428055,0.1223615784643621,True,True,True,86.57718120805369,81.20805369127517,86.57718120805369,81.20805369127517,16345,Retained,0.1223615784643621
LCA,Saint Lucia,PAHO,Upper middle income,High HDI,Saint Lucia,,,,283,125,462,462,179752,289,127,473,473,180157,327,145,533,533,181369,413,188,672,672,179300,502,232,797,797,172088,257.0,406.0,271,483,0.773851590106007,,,False,0,,0,0,False,,,0.5797665369649805,0.7370242214532872,,,False,False,False,,,,,502,Not comparable,
STP,Sao Tome and Principe,AFRO,Lower middle income,Medium HDI,Sao Tome and Principe,,,,61,33,84,84,235544,62,33,87,87,240262,74,40,101,101,264574,102,56,138,138,315852,132,74,177,177,365124,97.0,195.0,61,132,1.1639344262295084,,,False,0,,0,0,False,,,1.0103092783505154,1.129032258064516,,,False,False,False,,,,,132,Not comparable,
SAU,Saudi Arabia,EMRO,High income,Very High HDI,Saudi Arabia,49.0,18.0,2026.0,10551,4311,24017,24624,33962765,10915,4459,24770,25397,34566337,12926,5282,28867,29606,37443762,17887,7385,38812,39864,42592214,23931,9950,50977,52487,47693919,13208.0,35981.0,9318,21340,1.2681262439579188,2.0475533826417616,4.64410956307459,False,0,0.0,1,0,False,488.38775510204084,130.0,1.724182313749243,1.1924874026568943,1.3618298546455074,2.0475533826417616,False,False,True,95.9731543624161,77.85234899328859,95.9731543624161,77.85234899328859,23931,Not screen-positive in either version,2.0475533826417616
SEN,Senegal,AFRO,Lower middle income,Low HDI,Senegal,4.0,3.0,2024.0,7494,4440,14204,14358,18501995,7756,4593,14686,14845,18931975,9243,5471,17403,17592,21163199,13148,7852,24503,24769,25797518,18366,11157,33957,34330,30364962,6930.0,17288.0,7178,17579,1.4507606084867892,0.2177937493193945,0.5337603416066187,True,7,5.0,1,1,True,4591.5,28.0,1.4946608946608948,1.3679731820526049,0.2313743637204997,0.2177937493193945,True,True,True,91.94630872483222,91.2751677852349,91.94630872483222,91.2751677852349,18366,Retained,0.2177937493193945
SRB,Serbia,EURO,Upper middle income,Very High HDI,Serbia,37.0,9.0,2026.0,21848,12247,36109,37741,6736224,21862,12302,36159,37799,6689048,21767,12475,36150,37903,6461220,21163,12491,35356,37263,5987461,20584,12355,34388,36272,5532878,21587.0,22146.0,19368,18192,-0.0578542658366898,1.7975126311698406,1.693518857561333,False,0,0.0,1,0,False,556.3243243243244,114.0,0.0258952147125584,-0.0584575976580368,1.6707306059785063,1.7975126311698406,False,False,True,5.369127516778524,2.684563758389262,5.369127516778524,2.684563758389262,20584,Not screen-positive in either version,1.7975126311698406
SLE,Sierra Leone,AFRO,Low income,Low HDI,Sierra Leone,,,,3542,2013,6238,6357,8642033,3656,2076,6436,6559,8819801,4292,2446,7524,7667,9694866,5914,3398,10261,10455,11398410,7984,4651,13725,13982,12948334,1368.0,3006.0,3405,7672,1.254093732354602,,,False,0,,0,0,False,,,1.1973684210526314,1.1838074398249452,,,False,False,False,,,,,7984,Not comparable,
SGP,Singapore,WPRO,High income,Very High HDI,Singapore,28.0,11.0,2024.0,10164,3604,18765,19290,5832396,10501,3751,19402,19951,5870759,12259,4560,22735,23412,6031387,15762,6403,29541,30528,6194787,18805,8077,35522,36793,6081699,14990.0,24962.0,9383,17303,0.8501574183392364,1.4889657006115395,2.7548209366391183,False,0,0.0,1,0,False,671.6071428571429,101.0,0.6652434956637758,0.7907818303018761,1.1217049915872126,1.4889657006115395,False,False,True,48.99328859060403,59.06040268456376,48.99328859060403,59.06040268456376,18805,Not screen-positive in either version,1.4889657006115395
SVK,Slovakia,EURO,High income,Very High HDI,Slovakia,24.0,13.0,2026.0,17130,7839,29518,31384,5506769,17393,8008,29988,31917,5474892,18743,8907,32424,34693,5401402,20963,10479,36416,39272,5192017,22218,11477,38661,41965,4936496,18023.0,23660.0,15382,19863,0.2970227670753065,1.080205238995409,1.4010507880910683,False,0,0.0,1,0,False,925.75,73.0,0.3127670199189925,0.2774104524808831,1.0143702451394758,1.080205238995409,False,False,True,28.187919463087248,26.174496644295303,28.187919463087248,26.174496644295303,22218,Not screen-positive in either version,1.080205238995409
VNM,Viet Nam,WPRO,Lower middle income,High HDI,Viet Nam,70.0,28.0,2026.0,93503,58384,175417,177404,100987694,96224,60195,180428,182485,101598534,109481,69170,204994,207418,104254911,133200,85619,249784,253054,108437645,149429,96715,281580,285627,110008915,103893.0,164037.0,84661,133149,0.5981198464220399,0.4684498992832716,0.7486390810990021,False,0,1.0,1,0,False,2134.7,38.0,0.5789032947359303,0.5529285833056201,0.4267329931661759,0.4684498992832716,False,False,True,44.29530201342282,43.62416107382551,44.29530201342282,43.62416107382551,149429,Not screen-positive in either version,0.4684498992832716
SVN,Slovenia,EURO,High income,Very High HDI,Slovenia,9.0,2.0,2026.0,7758,3377,13565,14264,2118706,7862,3434,13747,14461,2117082,8351,3761,14641,15451,2098965,9023,4425,15985,17009,2046774,9134,4772,16363,17526,1981564,8024.0,9517.0,7149,8370,0.1773653003351378,0.9853295379899276,1.160092807424594,False,0,0.0,1,0,False,1014.8888888888889,69.0,0.1860667996011964,0.1617908929025693,0.945676158453294,0.9853295379899276,False,False,True,18.79194630872483,19.463087248322147,18.79194630872483,19.463087248322147,9134,Not screen-positive in either version,0.9853295379899276
SOM,Somalia,EMRO,Low income,Low HDI,Somalia,,,,5853,3522,9765,9983,19009162,6091,3668,10154,10381,19654749,7378,4437,12227,12501,22915051,10697,6442,17500,17893,29896295,15394,9338,24854,25411,37206518,6020.0,14543.0,5528,14537,1.6301042200580895,,,False,0,,0,0,False,,,1.4157807308970098,1.5273354129042849,,,False,False,False,,,,,15394,Not comparable,
ZAF,South Africa,AFRO,Upper middle income,High HDI,South Africa,102.0,59.0,2022.0,57787,29524,92659,101598,64007194,59403,30419,95183,104434,64747327,67594,35038,107982,118902,68161366,84980,44777,134839,149322,74035633,103347,55195,162756,181107,79177337,66177.0,123066.0,55250,98734,0.7884126187550833,0.98696623994891,1.765102877809888,False,0,0.0,1,0,False,1013.2058823529412,70.0,0.8596491228070176,0.7397606181505985,0.8288235580907806,0.98696623994891,False,False,True,61.07382550335571,56.375838926174495,61.07382550335571,56.375838926174495,103347,Not screen-positive in either version,0.98696623994891
ZWE,Zimbabwe,AFRO,Lower middle income,Medium HDI,Zimbabwe,1.0,3.0,2022.0,15424,9873,24666,25125,16634382,15782,10106,25236,25707,16950804,17744,11402,28407,28942,18610359,23147,14948,37219,37930,22250115,31731,20570,50782,51733,25866395,11402.0,25352.0,14926,30640,1.0572484439834025,0.0315149223157164,0.0648340248962655,False,0,14.0,1,0,False,31731.0,4.0,1.223469566742677,1.0105816753263213,0.0394446197538655,0.0315149223157164,True,False,True,77.18120805369128,69.79865771812081,77.18120805369128,69.79865771812081,31731,No longer screen-positive,0.0315149223157164
ESP,Spain,EURO,High income,Very High HDI,Spain,262.0,126.0,2024.0,153031,57882,261994,271898,47910534,155678,58982,266271,276351,47889964,168941,65188,288247,299404,47610527,190723,78432,327099,341024,46591683,196430,88556,343081,359894,44928568,164717.0,201847.0,140039,179162,0.2835961341166169,1.3338084813928626,1.712071410367834,False,0,0.0,1,0,False,749.7328244274809,93.0,0.2254169272145558,0.2617710916121738,1.2980128513180775,1.3338084813928626,False,False,True,21.47651006711409,24.832214765100677,21.47651006711409,24.832214765100677,196430,Not screen-positive in either version,1.3338084813928626
SSD,South Sudan,AFRO,Low income,Low HDI,South Sudan,,,,4691,2795,7993,8124,11943416,4861,2907,8283,8419,12188797,5761,3489,9785,9942,13457462,7836,4762,13120,13324,16101488,10007,6009,16576,16842,18341981,3671.0,7351.0,4445,9500,1.1332338520571308,,,False,0,,0,0,False,,,1.0024516480523018,1.058629911540835,,,False,False,False,,,,,10007,Not comparable,
SDN,Sudan,EMRO,Low income,Low HDI,Sudan,6.0,3.0,2022.0,20613,11456,40550,41022,50448975,21369,11883,41969,42455,51662158,25730,14327,50205,50781,58571627,35568,19896,69292,70123,71730610,48235,27386,94596,95705,85206389,15453.0,34981.0,19880,46553,1.3400281375830785,0.1243910023841608,0.2910784456411003,True,7,17.0,1,1,True,8039.166666666667,21.0,1.2637028408723223,1.2572417988675184,0.1715216831994511,0.1243910023841608,True,True,True,80.53691275167785,80.53691275167785,80.53691275167785,80.53691275167785,48235,Retained,0.1243910023841608
SUR,Suriname,PAHO,Upper middle income,Medium HDI,Suriname,2.0,1.0,2026.0,750,344,1223,1223,634440,772,354,1258,1258,639857,895,413,1453,1453,665660,1249,563,1960,1960,707169,1632,723,2491,2491,733910,721.0,1249.0,716,1574,1.1760000000000002,1.2254901960784317,2.6666666666666665,False,0,0.0,1,0,False,816.0,85.0,0.7323162274618584,1.1139896373056994,1.601281024819856,1.2254901960784317,False,False,True,52.348993288590606,75.83892617449665,52.348993288590606,75.83892617449665,1632,Not screen-positive in either version,1.2254901960784317
SWZ,Eswatini,AFRO,Lower middle income,Medium HDI,Eswatini,,,,705,434,1054,1078,1242829,723,445,1081,1106,1256183,819,505,1222,1250,1320925,1022,638,1517,1552,1429790,1258,800,1841,1883,1505341,818.0,1604.0,692,1234,0.7843971631205673,,,False,0,,0,0,False,,,0.960880195599022,0.739972337482711,,,False,False,False,,,,,1258,Not comparable,
SWE,Sweden,EURO,High income,Very High HDI,Sweden,81.0,18.0,2026.0,33926,11650,60237,68934,10607007,34346,11917,61034,69937,10656644,36257,13250,64708,74615,10841819,39542,15052,70764,82087,11078610,42558,16962,76395,89194,11309639,36267.0,46331.0,31678,39656,0.2544361256853151,1.9032849288030451,2.387549372162943,False,0,0.0,1,0,False,525.4074074074074,124.0,0.2774974494719717,0.2390962557503058,1.7482894822041397,1.9032849288030451,False,False,True,26.174496644295303,24.16107382550336,26.174496644295303,24.16107382550336,42558,Not screen-positive in either version,1.9032849288030451
CHE,Switzerland,EURO,High income,Very High HDI,Switzerland,85.0,38.0,2024.0,27938,9983,49411,56828,8921990,28463,10221,50330,57929,8967417,31011,11483,54871,63455,9130302,35288,13937,62927,73591,9276190,37810,16242,68382,80959,9342594,29011.0,40267.0,26122,35332,0.3533538549645643,2.24808251785242,3.0424511418140168,False,0,0.0,1,0,False,444.8235294117647,136.0,0.3879907621247114,0.328391244773917,2.1109096779000174,2.24808251785242,False,False,True,32.21476510067114,30.2013422818792,32.21476510067114,30.2013422818792,37810,Not screen-positive in either version,2.24808251785242
SYR,Syrian Arab Republic,EMRO,Low income,Medium HDI,Syrian Arab Republic,13.0,4.0,2023.0,14838,8624,26738,27280,24672770,15604,9077,28107,28676,25620434,19377,11288,34723,35441,29395549,27500,16052,48626,49695,34533192,37302,22076,65235,66762,37793383,14851.0,36695.0,14229,35772,1.513950667205823,0.3485067824781513,0.8761288583367031,True,5,5.0,1,1,True,2869.3846153846152,33.0,1.4708773819944785,1.3905408869520637,0.3542716991415724,0.3485067824781513,True,True,True,90.6040268456376,92.61744966442951,90.6040268456376,92.61744966442951,37302,Retained,0.3485067824781513
TJK,Tajikistan,EURO,Lower middle income,Medium HDI,Tajikistan,2.0,2.0,2021.0,3654,1952,8071,8222,10590936,3793,2030,8371,8527,10786744,4535,2458,10001,10183,11733077,6135,3413,13639,13886,13713958,7901,4489,17732,18048,15574651,2945.0,5920.0,3135,6733,1.162287903667214,0.2531325148715352,0.5473453749315819,False,3,2.0,1,0,False,3950.5,30.0,1.0101867572156196,1.0830477194832588,0.3378378378378378,0.2531325148715352,False,False,True,71.14093959731544,73.15436241610739,71.14093959731544,73.15436241610739,7901,Not screen-positive in either version,0.2531325148715352
THA,Thailand,SEARO,Upper middle income,Very High HDI,Thailand,159.0,57.0,2026.0,91074,55631,174310,176951,71668019,92985,56929,178007,180725,71619871,102129,63157,195792,198927,71215031,115709,72637,222643,226719,69535010,120640,76544,232933,237751,66382746,108779.0,147749.0,82750,109221,0.3246371082855699,1.317970822281167,1.74583305883128,False,0,0.0,1,0,False,758.7421383647799,92.0,0.3582492944410227,0.2974135613270958,1.0761494155628804,1.317970822281167,False,False,True,31.543624161073826,27.516778523489933,31.543624161073826,27.516778523489933,120640,Not screen-positive in either version,1.317970822281167
TGO,Togo,AFRO,Low income,Low HDI,Togo,1.0,1.0,2025.0,4035,2290,6844,7031,9515243,4166,2368,7065,7258,9721616,4883,2793,8270,8496,10793007,6621,3831,11183,11490,13121360,8769,5115,14755,15157,15584787,3302.0,7212.0,3862,8394,1.1732342007434946,0.114038088721633,0.2478314745972738,False,1,4.0,1,0,False,8769.0,16.0,1.1841308298001212,1.1048967834853576,0.1386577925679423,0.114038088721633,True,True,True,76.51006711409396,75.16778523489933,76.51006711409396,75.16778523489933,8769,Retained,0.114038088721633
TTO,Trinidad and Tobago,PAHO,High income,Very High HDI,Trinidad and Tobago,7.0,3.0,2026.0,2566,1300,3991,4011,1507792,2640,1353,4107,4127,1511165,2995,1620,4652,4675,1512330,3568,2111,5532,5558,1472951,3977,2438,6141,6171,1399808,2689.0,3969.0,2420,3749,0.5498830865159783,1.760120693990445,2.7279812938425567,False,0,0.0,1,0,False,568.1428571428571,112.0,0.476013387876534,0.5064393939393939,1.763668430335097,1.760120693990445,False,False,True,38.92617449664429,40.26845637583892,38.92617449664429,40.26845637583892,3977,Not screen-positive in either version,1.760120693990445
ARE,United Arab Emirates,EMRO,High income,Very High HDI,United Arab Emirates,20.0,10.0,2025.0,4536,1784,8647,8815,11027140,4672,1840,8909,9081,11346008,5173,2040,9809,10002,12190613,5873,2296,11051,11266,13693786,6923,2708,13167,13408,15367400,3003.0,10205.0,4232,6441,0.5262345679012346,2.888920988010978,4.409171075837743,False,0,0.0,1,0,False,346.15,147.0,2.398268398268398,0.4818065068493151,1.9598236158745712,2.888920988010978,False,False,True,100.0,38.92617449664429,100.0,38.92617449664429,6923,Not screen-positive in either version,2.888920988010978
TUN,Tunisia,EMRO,Lower middle income,High HDI,Tunisia,32.0,17.0,2026.0,9548,5191,15972,16332,12277118,9830,5352,16431,16804,12348581,11168,6118,18626,19067,12628153,13694,7583,22818,23413,12953873,15799,8797,26333,27080,13145149,12937.0,21676.0,8819,14526,0.654692082111437,2.025444648395468,3.3514872224549643,False,0,0.0,1,0,False,493.71875,128.0,0.6755043673185437,0.6072227873855545,1.4762871378483116,2.025444648395468,False,False,True,49.66442953020135,46.97986577181208,49.66442953020135,46.97986577181208,15799,Not screen-positive in either version,2.025444648395468
TUR,Turkiye,EURO,Upper middle income,Very High HDI,TÃ¼rkiye,300.0,145.0,2026.0,127618,62856,228395,235949,87473815,130894,64612,233874,241646,87685434,149054,74750,264362,273522,89027552,187429,97332,328689,341359,91009689,222824,119797,387813,404400,91258070,136341.0,255165.0,119508,208183,0.7460232882508737,1.346354073169856,2.3507655659859896,False,0,0.0,1,0,False,742.7466666666667,94.0,0.8715206724316236,0.70232401790762,1.175709834812768,1.346354073169856,False,False,True,61.74496644295302,53.02013422818792,61.74496644295302,53.02013422818792,222824,Not screen-positive in either version,1.346354073169856
TKM,Turkmenistan,EURO,Upper middle income,High HDI,Turkmenistan,7.0,5.0,2018.0,4271,2348,7574,7659,7494507,4437,2449,7868,7956,7618856,5307,2960,9376,9479,8135737,7003,3947,12360,12501,8932242,8603,4930,15198,15372,9639717,4020.0,6858.0,4062,8123,1.0142823694685084,0.8136696501220505,1.638960430812456,False,0,0.0,1,0,False,1229.0,59.0,0.7059701492537314,0.9389226955149876,1.020705745115194,0.8136696501220505,False,False,True,51.006711409395976,65.1006711409396,51.006711409395976,65.1006711409396,8603,Not screen-positive in either version,0.8136696501220505
UGA,Uganda,AFRO,Low income,Medium HDI,Uganda,5.0,1.0,2026.0,16188,10078,29584,29966,50015101,16919,10531,30852,31250,51384902,21101,13141,38054,38544,58312947,32543,20419,57294,58029,72020429,49076,31382,84479,85556,85431211,18963.0,54365.0,15507,46945,2.0316283666913764,0.1018827940337435,0.3088707684704719,True,7,19.0,1,1,True,9815.2,13.0,1.8668986974634816,1.9006442461138369,0.0919709371838499,0.1018827940337435,True,True,True,97.98657718120806,99.32885906040268,97.98657718120806,99.32885906040268,49076,Retained,0.1018827940337435
UKR,Ukraine,EURO,Lower middle income,High HDI,Ukraine,73.0,42.0,2026.0,84578,44819,149729,153699,37860232,86452,45861,153089,157153,38980384,90273,48342,159670,164026,38353861,93081,51050,164460,169397,35270923,93778,52465,165424,170713,31990143,84635.0,87871.0,75657,83297,0.1087753316465274,0.7784341743266011,0.863108609803968,False,0,0.0,1,0,False,1284.6301369863013,54.0,0.0382347728481125,0.0847406653403044,0.8307632779870492,0.7784341743266011,False,False,True,6.711409395973154,12.08053691275168,6.711409395973154,12.08053691275168,93778,Not screen-positive in either version,0.7784341743266011
MKD,North Macedonia,EURO,Upper middle income,High HDI,North Macedonia,4.0,2.0,2025.0,4786,2553,7573,7981,1823018,4837,2590,7657,8073,1813803,5040,2765,7990,8453,1762500,5200,2977,8278,8820,1641916,5161,3047,8238,8817,1512698,4790.0,6131.0,4317,4639,0.0783535311324696,0.7750435962022864,0.8357709987463435,False,0,0.0,1,0,False,1290.25,53.0,0.2799582463465553,0.0669836675625388,0.65242211710977,0.7750435962022864,False,False,True,26.845637583892614,10.738255033557047,26.845637583892614,10.738255033557047,5161,Not screen-positive in either version,0.7750435962022864
EGY,Egypt,EMRO,Lower middle income,High HDI,Egypt,115.0,66.0,2026.0,61659,31409,135938,137390,116538268,63648,32454,140204,141706,118366005,73990,37934,162461,164230,127139330,97359,50524,212711,215110,145213662,123772,64886,268723,271856,161630201,74190.0,147847.0,59636,119964,1.007363077571806,0.9291277510260804,1.8650967417570836,False,0,0.0,1,0,False,1076.2782608695652,66.0,0.9928157433616392,0.9446329813976873,0.7778311362421964,0.9291277510260804,False,False,True,70.46979865771812,66.44295302013423,70.46979865771812,66.44295302013423,123772,Not screen-positive in either version,0.9291277510260804
GBR,United Kingdom,EURO,High income,Very High HDI,United Kingdom,358.0,78.0,2026.0,240039,100397,415194,458379,69138201,243243,102062,420791,464776,69551341,259356,111403,449423,498009,71287004,288179,129620,501586,559538,73774637,310861,146348,543811,610619,75504690,255284.0,327927.0,225837,292222,0.2950437220618316,1.1516401221124557,1.4914243102162563,False,0,0.0,1,0,False,868.3268156424581,79.0,0.2845575907616615,0.2779853890965003,1.0917063858724656,1.1516401221124557,False,False,True,27.516778523489933,26.845637583892614,27.516778523489933,26.845637583892614,310861,Not screen-positive in either version,1.1516401221124557
TZA,"Tanzania, United Republic of",AFRO,Lower middle income,Low HDI,"Tanzania, United Republic of",11.0,6.0,2026.0,17494,11321,28621,29044,68560166,18117,11728,29630,30069,70545876,21704,14086,35379,35902,80913134,31754,20726,51137,51873,103999365,46098,30326,73174,74195,129621110,34893.0,90450.0,16916,44604,1.6350748828169657,0.2386220660332335,0.6287870126900652,True,7,11.0,1,1,True,4190.727272727273,29.0,1.592210472014444,1.5444610034773971,0.1216141514648977,0.2386220660332335,True,True,True,93.95973154362416,95.9731543624161,93.95973154362416,95.9731543624161,46098,Retained,0.2386220660332335
USA,United States of America,PAHO,High income,Very High HDI,United States of America,3898.0,2239.0,2026.0,1119828,311854,1929123,2462729,345426583,1140531,319566,1964965,2514411,347275817,1232541,360496,2131147,2765900,355649889,1364029,433993,2384132,3170398,370209323,1455373,480251,2552769,3429472,380846921,1103353.0,1409228.0,1070963,1394078,0.2996397661069379,2.6783511855723585,3.4808917083695,False,0,0.0,1,0,False,373.3640328373525,144.0,0.27722315523681,0.2760486124445542,2.76605347041075,2.6783511855723585,False,False,True,25.503355704697988,25.503355704697988,25.503355704697988,25.503355704697988,1455373,Not screen-positive in either version,2.6783511855723585
BFA,Burkina Faso,AFRO,Low income,Low HDI,Burkina Faso,2.0,1.0,2025.0,7414,4464,13329,13631,23548790,7676,4624,13787,14100,24074587,9155,5522,16358,16735,26730335,13113,7985,23198,23732,32193656,18500,11351,32368,33096,37304394,7300.0,18058.0,7191,17974,1.4952792015106553,0.1081081081081081,0.2697599136768276,True,7,7.0,1,1,True,9250.0,15.0,1.4736986301369863,1.410109431995831,0.1107542363495403,0.1081081081081081,True,True,True,91.2751677852349,93.28859060402684,91.2751677852349,93.28859060402684,18500,Retained,0.1081081081081081
URY,Uruguay,PAHO,High income,Very High HDI,Uruguay,25.0,12.0,2026.0,8398,4314,15734,16448,3386596,8491,4364,15904,16626,3384696,8998,4644,16822,17592,3372896,10101,5335,18881,19790,3336466,11154,6079,20886,21952,3254362,8586.0,11300.0,7800,10335,0.3281733746130031,2.241348395194549,2.976899261728983,False,0,0.0,1,0,False,446.16,135.0,0.3160959701840204,0.3136261924390531,2.2123893805309733,2.241348395194549,False,False,True,28.85906040268457,28.85906040268457,28.85906040268457,28.85906040268457,11154,Not screen-positive in either version,2.241348395194549
UZB,Uzbekistan,EURO,Lower middle income,High HDI,Uzbekistan,20.0,15.0,2023.0,21780,11752,37717,38465,36361868,22499,12152,38922,39691,37053437,26235,14244,45156,46045,40248248,33793,18564,57846,59044,46044160,41779,23048,71227,72769,52210763,20685.0,36270.0,19419,37168,0.9182277318640956,0.4787093994590584,0.9182736455463728,False,0,0.0,1,0,False,2088.95,39.0,0.753444525018129,0.8569269745322015,0.5514199062586159,0.4787093994590584,False,False,True,55.033557046979865,59.73154362416108,55.033557046979865,59.73154362416108,41779,Not screen-positive in either version,0.4787093994590584
VEN,Venezuela,PAHO,,Medium HDI,Venezuela,59.0,43.0,2026.0,36109,16759,58007,61657,28405552,37003,17239,59379,63142,28516905,41469,19707,66319,70681,29151819,50206,24893,80023,85718,30495452,57208,29364,90970,97844,31094892,35550.0,59005.0,34705,55104,0.5843141599047328,1.0313242903090476,1.6339416765903236,False,0,0.0,1,0,False,969.6271186440678,71.0,0.659774964838256,0.5460368078263924,0.9999152614185238,1.0313242903090476,False,False,True,48.32214765100672,42.95302013422819,48.32214765100672,42.95302013422819,57208,Not screen-positive in either version,1.0313242903090476
WSM,Samoa,WPRO,Lower middle income,High HDI,Samoa,,,,187,79,317,317,218029,190,80,323,323,219316,207,89,351,351,225979,235,108,397,397,247206,255,124,428,428,272735,278.0,477.0,177,244,0.3636363636363635,,,False,0,,0,0,False,,,0.7158273381294964,0.3421052631578947,,,False,False,False,,,,,255,Not comparable,
YEM,Yemen,EMRO,Low income,Low HDI,Yemen,1.0,1.0,2018.0,12468,7059,24393,24836,40583170,13005,7362,25396,25857,41773886,16055,9121,31022,31586,47667670,24245,14048,45883,46739,59181537,35375,20903,65772,67055,70976411,8773.0,20955.0,11974,33953,1.8372633942893808,0.0282685512367491,0.080205325633622,True,7,16.0,1,1,True,35375.0,3.0,1.3885785934116035,1.7201076509034987,0.0477213075638272,0.0282685512367491,True,True,True,85.90604026845638,97.98657718120806,85.90604026845638,97.98657718120806,35375,Retained,0.0282685512367491
ZMB,Zambia,AFRO,Lower middle income,Medium HDI,Zambia,3.0,1.0,2019.0,9832,5852,16319,16582,21314964,10313,6145,17080,17355,21913884,13033,7825,21366,21707,25024912,20264,12344,32477,32988,31550413,29762,18312,46763,47480,38083395,9046.0,27321.0,9543,28900,2.027054515866558,0.1007996774410321,0.3051261187957689,True,7,12.0,1,1,True,9920.666666666666,12.0,2.0202299358832634,1.885872200135751,0.1098056440101021,0.1007996774410321,True,True,True,98.65771812080536,98.65771812080536,98.65771812080536,98.65771812080536,29762,Retained,0.1007996774410321
